ID,Year_Birth,Education,Marital_Status,Income,Kidhome,Teenhome,Dt_Customer,Recency,MntWines,MntFruits,MntMeatProducts,MntFishProducts,MntSweetProducts,MntGoldProds,NumDealsPurchases,NumWebPurchases,NumCatalogPurchases,NumStorePurchases,NumWebVisitsMonth,AcceptedCmp1,AcceptedCmp2,AcceptedCmp3,AcceptedCmp4,AcceptedCmp5,Complain,Z_CostContact,Z_Revenue,Response,Customer_Age,Total_Children,Total_Spending,Total_Purchases,Avg_Spend_Per_Purchase,Web_Purchase_Ratio,Store_Purchase_Ratio,Catalog_Purchase_Ratio,Deal_Purchase_Ratio,Campaign_Acceptance_Count,Customer_Tenure_Months,Digital_Engagement_Score,Estimated_CLV,Income_Segment,Customer_Segment,Preferred_Channel,Churn_Risk_Score,Loyalty_Score,Predicted_Response_Probability,Customer_Profitability,Next_Best_Action,Satisfaction_Score
10001,1992,PhD,Single,93291,1,0,18-10-2024,79,622,117,281,243,66,99,5,4,1,7,14,0,0,0,0,0,0,3,11,0,34,1,1428,17,84,0.235,0.412,0.059,0.294,0,22,68,1742.16,Upper-Middle,At Risk,Store,76.2,45,0.262,582.28,Retention Offer,3.9
10002,1955,Graduation,Married,38022,0,0,30-09-2025,16,491,91,165,107,90,126,5,5,4,5,15,0,0,0,0,0,0,3,11,0,71,0,1070,19,56.32,0.263,0.263,0.211,0.263,0,11,84,1187.7,Lower-Middle,Digitally Engaged,Web,27.5,43.5,0.428,374.09,Regular Engagement,6.9
10003,1946,PhD,Married,43801,0,1,14-12-2023,18,701,103,61,176,14,123,3,13,10,2,8,0,0,0,0,0,0,3,11,0,80,1,1178,28,42.07,0.464,0.071,0.357,0.107,0,32,78,1554.96,Lower-Middle,Digitally Engaged,Web,39.5,72,0.409,471.05,Regular Engagement,6.9
10004,1980,Graduation,Together,8000,0,1,03-11-2020,72,450,60,180,111,113,47,7,7,2,1,14,0,0,0,0,0,0,3,11,0,46,1,961,17,56.53,0.412,0.059,0.118,0.412,0,69,75,1624.09,Low,At Risk,Web,71,68.5,0.294,330.34,Retention Offer,6.4
10005,1965,Basic,Together,81823,1,1,01-10-2025,66,807,57,357,111,32,138,6,6,6,10,10,0,0,0,0,1,0,3,11,0,61,2,1502,28,53.64,0.214,0.357,0.214,0.214,1,11,59,1750.58,Upper-Middle,Regular,Store,72.5,69.5,0.416,577.11,Retention Offer,7.4
10006,1971,Graduation,Single,89400,0,0,29-01-2023,83,937,75,485,157,118,102,6,3,5,2,20,0,0,0,1,0,0,3,11,0,55,0,1874,16,117.12,0.188,0.125,0.312,0.375,1,43,81,2813.81,Upper-Middle,High Value,Catalog,70.2,61.5,0.436,639.18,Retention Offer,5.4
10007,1949,Graduation,Together,44842,0,2,28-12-2022,83,193,42,527,165,80,149,7,7,6,4,19,0,0,0,0,0,0,3,11,0,77,2,1156,24,48.17,0.292,0.167,0.25,0.292,0,44,88,1664.64,Lower-Middle,At Risk,Web,71.8,70,0.304,362.81,Retention Offer,4.9
10008,1965,Graduation,Single,51776,1,0,10-11-2018,85,598,73,581,89,45,34,0,10,10,6,8,0,0,0,0,0,0,3,11,0,61,1,1420,26,54.62,0.385,0.231,0.385,0,0,93,82,2740.6,Middle,At Risk,Web,89.8,98.5,0.285,483.2,Retention Offer,7.7
10009,1981,Graduation,Married,58548,2,0,18-04-2021,15,607,49,120,73,18,109,3,3,2,7,17,0,0,0,0,0,0,3,11,1,45,2,976,15,65.07,0.2,0.467,0.133,0.2,0,64,71,1600.64,Middle,Digitally Engaged,Store,15.8,62,0.397,371.14,Regular Engagement,9.4
10010,1964,Master,Single,112710,2,2,26-08-2025,96,713,94,372,239,166,20,2,2,1,13,11,0,0,0,0,0,0,3,11,0,62,4,1604,18,89.11,0.111,0.722,0.056,0.111,0,12,44,1796.48,Upper-Middle,At Risk,Store,93.5,42,0.168,400.87,Retention Offer,7.2
10011,1991,Graduation,Single,92210,1,0,01-06-2020,39,915,114,621,126,102,188,4,0,2,10,12,0,0,0,0,0,0,3,11,0,35,1,2066,16,129.12,0,0.625,0.125,0.25,0,75,53,3615.5,Upper-Middle,High Value,Store,49.2,69.5,0.304,854.46,Premium Upsell,6.6
10012,1989,Graduation,Divorced,99201,2,0,18-12-2022,63,986,146,601,166,63,121,2,9,7,14,2,0,0,0,0,0,0,3,11,0,37,2,2083,32,65.09,0.281,0.438,0.219,0.062,0,44,55,2999.52,Upper-Middle,High Value,Store,82.2,86,0.262,612.26,Retention Offer,7.3
10013,1984,PhD,Divorced,60584,1,0,21-02-2024,7,475,64,474,158,112,102,4,8,10,11,7,1,0,1,0,0,0,3,11,0,42,1,1385,33,41.97,0.242,0.333,0.303,0.121,2,30,72,1980.55,Middle,Digitally Engaged,Store,32.8,97,0.716,335.32,Targeted Campaign,5.7
10014,1995,Graduation,Married,51660,1,1,22-06-2019,71,269,70,456,150,30,73,5,1,7,7,16,0,0,0,0,0,0,3,11,0,31,2,1048,20,52.4,0.05,0.35,0.35,0.25,0,86,55,1949.28,Middle,At Risk,Catalog,67.2,83,0.246,308.02,Retention Offer,5.1
10015,1985,Graduation,Single,98031,0,1,24-01-2021,81,257,98,728,141,111,147,4,14,9,0,14,0,0,0,0,0,0,3,11,0,41,1,1482,27,54.89,0.519,0,0.333,0.148,0,67,100,2474.94,Upper-Middle,At Risk,Web,77.8,87.5,0.338,430.72,Retention Offer,6.4
10016,1954,PhD,Single,15261,1,1,05-05-2023,92,729,44,280,38,0,39,1,0,11,11,8,0,0,0,0,0,1,3,11,0,72,2,1130,23,49.13,0,0.478,0.478,0.043,0,39,27,1570.7,Low,At Risk,Catalog,100,65.5,0.034,457.33,Retention Offer,3.5
10017,1993,Graduation,Married,80377,0,1,19-04-2022,38,573,108,554,138,153,193,7,7,7,10,19,0,1,0,0,0,0,3,11,1,33,1,1719,31,55.45,0.226,0.323,0.226,0.226,1,52,100,2743.52,Upper-Middle,Digitally Engaged,Store,30,96,0.574,593.44,Targeted Campaign,7.8
10018,1981,Graduation,Married,26013,0,2,12-03-2026,93,470,54,253,80,13,116,3,0,7,6,20,0,1,0,0,0,1,3,11,0,45,2,986,16,61.62,0,0.375,0.438,0.188,1,5,79,1087.06,Low,At Risk,Catalog,92.8,42.5,0.312,196.86,Retention Offer,2.4
10019,1950,Graduation,Single,88550,1,1,16-06-2026,23,723,110,344,113,179,78,4,2,10,11,7,0,0,0,0,0,0,3,11,1,76,2,1547,27,57.3,0.074,0.407,0.37,0.148,0,2,38,1577.94,Upper-Middle,Regular,Store,36.8,55,0.299,546.19,Regular Engagement,8.7
10020,1961,Graduation,Married,80231,1,0,02-01-2020,0,954,86,511,84,84,1,0,6,2,2,9,0,0,0,0,0,0,3,11,0,65,1,1720,10,172,0.6,0.2,0.2,0,0,79,53,3078.8,Upper-Middle,Regular,Web,24.5,59.5,0.382,581.71,Regular Engagement,9
10021,1954,Master,Single,38329,0,1,22-06-2021,71,218,0,402,76,31,150,2,13,10,1,4,0,0,0,0,1,0,3,11,0,72,1,877,26,33.73,0.5,0.038,0.385,0.077,1,62,73,1491.78,Lower-Middle,At Risk,Web,85.2,91,0.44,185.39,Retention Offer,8
10022,1999,PhD,Single,71546,2,1,01-02-2020,73,593,78,254,54,20,116,0,5,3,7,3,0,0,1,0,0,0,3,11,0,27,3,1115,15,74.33,0.333,0.467,0.2,0,1,78,35,2083.94,Middle,At Risk,Store,88.2,77,0.341,439.76,Retention Offer,6.2
10023,1985,PhD,Divorced,30969,1,0,26-03-2021,77,292,73,574,69,67,38,5,6,7,0,2,0,0,0,1,0,0,3,11,0,41,1,1113,18,61.83,0.333,0,0.389,0.278,1,65,38,1928.27,Lower-Middle,At Risk,Catalog,92.8,76.5,0.341,233.53,Retention Offer,6.1
10024,1996,Graduation,Together,33506,0,1,19-10-2018,66,367,32,454,2,66,106,3,11,4,4,5,0,0,1,0,0,0,3,11,0,30,1,1027,22,46.68,0.5,0.182,0.182,0.136,1,94,68,2092,Lower-Middle,Digitally Engaged,Web,80,99,0.438,388.19,Retention Offer,5.7
10025,1960,Graduation,Together,53126,1,0,22-12-2019,20,347,95,80,129,95,0,1,14,6,2,19,0,0,0,0,0,0,3,11,0,66,1,746,23,32.43,0.609,0.087,0.261,0.043,0,80,100,1342.8,Middle,Digitally Engaged,Web,24.5,86,0.46,163.23,Targeted Campaign,8.5
10026,1980,Master,Together,42089,0,0,21-06-2020,85,303,28,374,21,69,45,3,1,8,4,1,0,0,0,0,0,0,3,11,0,46,0,840,16,52.5,0.062,0.25,0.5,0.188,0,74,26,1461.6,Lower-Middle,At Risk,Catalog,100,69,0.145,287.11,Retention Offer,6.3
10027,1978,PhD,Married,94567,1,0,04-07-2020,51,782,86,470,230,97,166,2,4,0,1,10,1,0,0,1,0,0,3,11,0,48,1,1831,7,261.57,0.571,0.143,0,0.286,2,73,56,3484.39,Upper-Middle,High Value,Web,61.2,66.5,0.588,489.81,Targeted Campaign,5.6
10028,1987,PhD,Together,127513,0,0,24-03-2024,21,928,112,926,205,48,116,2,13,10,0,15,0,0,0,0,0,0,3,11,0,39,0,2335,25,93.4,0.52,0,0.4,0.08,0,29,100,3012.15,High,High Value,Web,31.2,64.5,0.458,809.01,Targeted Campaign,6.5
10029,1951,Graduation,Divorced,65020,0,0,22-03-2020,38,386,12,585,183,67,20,7,12,1,6,2,1,0,0,0,0,0,3,11,0,75,0,1253,26,48.19,0.462,0.231,0.038,0.269,1,77,67,2328.7,Middle,Digitally Engaged,Web,63.5,98.5,0.492,246.48,Targeted Campaign,7.8
10030,1973,PhD,Divorced,64757,0,0,27-07-2024,74,570,48,574,125,108,76,0,7,5,14,14,0,0,0,1,0,0,3,11,1,53,0,1501,26,57.73,0.269,0.538,0.192,0,1,25,87,1970.06,Middle,At Risk,Store,64.5,72.5,0.47,277.58,Targeted Campaign,9.6
10031,1981,Master,Married,87239,1,1,12-01-2020,59,518,50,543,118,161,117,3,0,4,13,14,0,0,1,0,0,0,3,11,0,45,2,1507,20,75.35,0,0.65,0.2,0.15,1,79,57,2832.41,Upper-Middle,Regular,Store,61.2,87.5,0.425,371.51,Regular Engagement,5.8
10032,1991,PhD,Divorced,55261,1,0,15-09-2019,89,687,58,489,149,101,83,3,10,9,3,18,0,0,0,0,0,0,3,11,0,35,1,1567,25,62.68,0.4,0.12,0.36,0.12,0,83,97,2867.61,Middle,At Risk,Web,77.8,91.5,0.314,396.82,Retention Offer,5.7
10033,1981,Graduation,Together,78334,0,0,17-04-2025,43,811,95,637,135,111,175,4,1,8,1,14,0,0,0,0,0,0,3,11,0,45,0,1964,14,140.29,0.071,0.071,0.571,0.286,0,16,56,2278.24,Middle,High Value,Catalog,49.2,36,0.304,770.98,Premium Upsell,6.9
10034,1970,PhD,Single,8351,1,1,24-12-2025,6,539,0,0,135,26,70,1,1,6,6,6,0,0,0,0,0,0,3,11,0,56,2,770,14,55,0.071,0.429,0.429,0.071,0,8,28,831.6,Low,Regular,Catalog,33.5,32,0.308,282.15,Regular Engagement,7.8
10035,1970,Master,Married,43916,0,0,26-07-2024,95,455,36,351,4,44,60,3,5,7,9,1,0,0,0,0,0,0,3,11,0,56,0,950,24,39.58,0.208,0.375,0.292,0.125,0,25,29,1187.5,Lower-Middle,At Risk,Store,100,60.5,0.132,330.77,Retention Offer,6.1
10036,1963,Graduation,Married,18441,0,0,08-01-2022,24,276,51,211,82,0,76,3,9,2,12,3,0,0,0,0,0,0,3,11,1,63,0,696,26,26.77,0.346,0.462,0.077,0.115,0,55,57,1078.8,Low,Regular,Store,43.5,79.5,0.344,239.79,Regular Engagement,8.4
10037,1953,Graduation,Single,8000,1,0,26-10-2023,37,332,67,192,62,65,61,4,6,9,4,8,1,0,0,0,0,0,3,11,0,73,1,779,23,33.87,0.261,0.174,0.391,0.174,1,34,60,1096.05,Low,Regular,Catalog,53.8,71,0.476,318.09,Targeted Campaign,6.2
10038,1960,Graduation,Married,93168,1,0,20-01-2026,47,647,126,683,263,125,203,0,5,10,10,16,0,0,0,0,0,0,3,11,0,66,1,2047,25,81.88,0.2,0.4,0.4,0,0,7,75,2190.29,Upper-Middle,High Value,Catalog,49.2,53.5,0.344,600.41,Premium Upsell,7.2
10039,1953,Master,Married,55572,2,1,15-04-2018,59,562,62,306,78,80,133,6,6,11,4,8,0,0,0,0,1,0,3,11,0,73,3,1221,27,45.22,0.222,0.148,0.407,0.222,1,100,61,2564.1,Middle,Regular,Catalog,70.2,100,0.435,433.13,Retention Offer,5.1
10040,1957,Graduation,Single,111676,0,0,06-02-2026,87,735,101,397,148,102,273,4,7,5,1,7,0,0,0,0,0,0,3,11,0,69,0,1756,17,103.29,0.412,0.059,0.294,0.235,0,6,60,1861.36,Upper-Middle,At Risk,Web,92.8,37,0.226,361.92,Retention Offer,8.2
10041,1992,Graduation,Married,109763,2,1,19-02-2021,44,606,128,396,193,146,176,6,13,9,6,14,0,0,0,0,0,0,3,11,0,34,3,1645,34,48.38,0.382,0.176,0.265,0.176,0,66,100,2730.7,Upper-Middle,Digitally Engaged,Web,50,100,0.412,316.61,Regular Engagement,6.1
10042,1974,Master,Married,62697,0,0,10-02-2021,90,642,88,526,189,87,85,6,6,1,2,12,0,0,0,0,0,0,3,11,0,52,0,1617,15,107.8,0.4,0.133,0.067,0.4,0,66,61,2684.22,Middle,At Risk,Web,87.5,63,0.222,600.9,Retention Offer,5.6
10043,1950,Master,Single,52091,0,0,01-12-2022,33,697,103,164,147,42,77,1,12,4,11,19,0,0,0,0,0,0,3,11,0,76,0,1230,28,43.93,0.429,0.393,0.143,0.036,0,45,100,1783.5,Middle,Digitally Engaged,Web,34.2,78.5,0.434,450.26,Regular Engagement,7.4
10044,1969,Graduation,Together,41927,1,0,19-01-2023,35,617,20,241,133,44,5,2,13,3,11,20,0,0,0,0,0,0,3,11,0,57,1,1060,29,36.55,0.448,0.379,0.103,0.069,0,43,100,1515.8,Lower-Middle,Digitally Engaged,Web,34.2,79.5,0.43,346.28,Regular Engagement,8.2
10045,1960,Master,Single,8000,0,1,21-08-2020,66,121,49,256,0,29,0,1,10,2,6,5,0,0,1,0,0,0,3,11,0,66,1,455,19,23.95,0.526,0.316,0.105,0.053,1,72,65,821.73,Low,Regular,Web,80,82,0.431,99.19,Retention Offer,5.9
10046,1982,Graduation,Married,48539,1,1,28-01-2019,95,768,79,207,99,59,91,2,3,5,11,13,0,0,1,0,0,0,3,11,0,44,2,1303,21,62.05,0.143,0.524,0.238,0.095,1,91,60,2613.17,Lower-Middle,At Risk,Store,89.8,95.5,0.36,272.98,Retention Offer,6.1
10047,1991,Graduation,Together,56330,0,0,21-08-2025,9,258,95,71,64,0,144,7,12,2,12,17,0,0,0,0,0,0,3,11,0,35,0,632,33,19.15,0.364,0.364,0.061,0.212,0,12,100,707.84,Middle,Digitally Engaged,Web,19.2,72,0.482,142.86,Targeted Campaign,9.6
10048,1945,Graduation,Divorced,44346,2,1,11-01-2026,87,388,0,312,18,68,40,3,11,9,2,10,0,0,0,0,0,0,3,11,0,81,3,826,25,33.04,0.44,0.08,0.36,0.12,0,7,87,883.82,Lower-Middle,At Risk,Web,88.2,53.5,0.294,213.13,Retention Offer,5.3
10049,1971,Graduation,Single,35390,1,1,11-01-2024,77,486,55,321,132,35,17,6,12,8,0,19,0,0,0,0,0,0,3,11,0,55,2,1046,26,40.23,0.462,0,0.308,0.231,0,31,100,1370.26,Lower-Middle,At Risk,Web,67.2,67.5,0.346,310.98,Retention Offer,6.2
10050,1970,Master,Single,61908,0,2,22-06-2025,30,602,97,187,80,113,133,4,2,3,10,1,0,0,0,0,0,0,3,11,0,56,2,1212,19,63.79,0.105,0.526,0.158,0.211,0,14,14,1381.68,Middle,Regular,Store,59,45,0.225,275.53,Regular Engagement,7.8
10051,2000,PhD,Single,53401,1,0,05-10-2018,69,499,94,454,85,158,37,4,7,5,5,20,0,0,0,0,0,0,3,11,1,26,1,1327,21,63.19,0.333,0.238,0.238,0.19,0,94,91,2574.38,Middle,Digitally Engaged,Web,51.8,89,0.34,297,Regular Engagement,7.3
10052,1965,Graduation,Married,68564,0,0,04-01-2020,93,537,103,240,90,0,219,0,1,11,4,9,0,0,0,0,1,0,3,11,0,61,0,1189,16,74.31,0.062,0.25,0.688,0,1,79,46,2234.73,Middle,At Risk,Catalog,94.2,79.5,0.329,402.49,Retention Offer,6.2
10053,1954,Graduation,Married,34862,0,0,18-06-2026,84,394,0,0,157,94,147,2,3,7,1,10,0,1,0,0,0,0,3,11,0,72,0,792,13,60.92,0.231,0.077,0.538,0.154,1,2,53,848.23,Lower-Middle,At Risk,Catalog,86,35,0.365,149.27,Retention Offer,5.3
10054,1955,Master,Together,120852,1,0,24-05-2025,13,1059,90,748,257,103,179,2,0,5,7,18,0,0,0,0,0,0,3,11,0,71,1,2436,14,174,0,0.5,0.357,0.143,0,15,59,2801.4,High,High Value,Store,20.8,35.5,0.372,505.97,Premium Upsell,8.5
10055,1971,Master,Married,80668,0,0,25-01-2026,15,879,102,510,187,60,109,1,9,1,3,18,0,0,0,0,0,0,3,11,1,55,0,1847,14,131.93,0.643,0.214,0.071,0.071,0,7,90,1976.29,Upper-Middle,Champions,Web,14.2,31.5,0.445,348.89,Premium Upsell,8.3
10056,1978,Master,Single,59588,0,0,01-09-2020,28,603,52,412,228,42,95,4,5,2,15,9,0,0,0,0,1,0,3,11,1,48,0,1432,26,55.08,0.192,0.577,0.077,0.154,1,71,60,2571.16,Middle,Regular,Store,37.5,95.5,0.494,266.03,Targeted Campaign,8.3
10057,1963,Graduation,Single,40935,0,0,21-08-2020,28,311,16,75,173,67,98,1,10,3,11,6,0,0,1,0,0,0,3,11,0,63,0,740,25,29.6,0.4,0.44,0.12,0.04,1,72,74,1336.44,Lower-Middle,Digitally Engaged,Store,50,94,0.529,274.7,Targeted Campaign,7.5
10058,1969,Graduation,Single,35371,0,1,27-02-2024,60,581,27,0,183,71,46,6,1,9,13,4,0,0,1,0,0,0,3,11,0,57,1,908,29,31.31,0.034,0.448,0.31,0.207,1,30,27,1239.42,Lower-Middle,Regular,Store,77,81,0.348,284.2,Retention Offer,6.6
10059,1982,Graduation,Together,88035,1,1,30-08-2020,67,978,82,462,42,197,97,5,12,0,2,15,0,0,0,0,0,0,3,11,0,44,2,1858,19,97.79,0.632,0.105,0,0.263,0,72,100,3195.76,Upper-Middle,High Value,Web,65.8,74,0.366,492.92,Retention Offer,8.4
10060,1961,Graduation,Single,52099,1,0,30-07-2023,12,678,78,266,126,44,28,2,13,8,7,3,0,0,0,0,0,0,3,11,0,65,1,1220,30,40.67,0.433,0.233,0.267,0.067,0,37,80,1671.4,Middle,Digitally Engaged,Web,42.5,78.5,0.426,499.57,Regular Engagement,7.1
10061,1999,PhD,Single,65861,0,0,30-01-2020,10,494,69,272,0,41,170,6,2,4,3,14,0,0,1,1,0,0,3,11,1,27,0,1046,15,69.73,0.133,0.2,0.267,0.4,2,79,55,2059.57,Middle,Regular,Catalog,16.5,85.5,0.668,403.8,Targeted Campaign,7.2
10062,1956,Graduation,Married,76758,0,1,17-01-2020,45,598,59,449,154,11,72,0,13,10,7,16,0,0,0,0,0,0,3,11,0,70,1,1343,30,44.77,0.433,0.233,0.333,0,0,79,100,2403.97,Middle,Digitally Engaged,Web,47.8,99.5,0.41,563.77,Regular Engagement,7.3
10063,1997,Graduation,Single,48087,0,0,13-06-2023,76,775,87,463,57,30,82,3,13,3,6,17,0,0,0,0,0,0,3,11,0,29,0,1494,25,59.76,0.52,0.24,0.12,0.12,0,38,100,2061.72,Lower-Middle,At Risk,Web,69.5,69,0.348,513.57,Retention Offer,6.2
10064,1993,Master,Together,72031,0,0,29-01-2023,78,698,46,264,116,89,211,7,10,8,1,2,0,0,0,1,0,0,3,11,0,33,0,1424,26,54.77,0.385,0.038,0.308,0.269,1,43,52,2138.14,Middle,At Risk,Web,93.5,81.5,0.374,550.32,Retention Offer,6.9
10065,1998,Graduation,Single,8626,2,0,19-01-2020,26,159,78,185,78,0,45,1,1,0,15,1,0,0,0,0,0,0,3,11,0,28,2,545,17,32.06,0.059,0.882,0,0.059,0,79,11,975.55,Low,Regular,Store,56,73.5,0.225,101.17,Regular Engagement,7.8
10066,1989,Graduation,Married,35477,1,2,23-11-2024,11,698,37,257,0,9,22,6,6,3,5,4,0,0,0,0,0,0,3,11,0,37,3,1023,20,51.15,0.3,0.25,0.15,0.3,0,21,37,1237.83,Lower-Middle,Regular,Web,40.2,50.5,0.32,219.71,Regular Engagement,7.1
10067,1974,PhD,Married,8000,0,1,24-05-2022,87,247,59,524,55,24,70,0,13,4,2,12,0,0,0,0,0,0,3,11,0,52,1,979,19,51.53,0.684,0.105,0.211,0,0,51,100,1478.29,Low,At Risk,Web,85.2,63.5,0.326,409.21,Retention Offer,6.3
10068,1978,Master,Single,52050,1,1,23-01-2026,71,858,54,279,124,22,27,7,3,8,3,8,0,1,0,0,0,0,3,11,0,48,2,1364,21,64.95,0.143,0.143,0.381,0.333,1,7,43,1532.45,Middle,At Risk,Catalog,79.2,53.5,0.366,373.08,Retention Offer,8
10069,1956,Master,Together,51560,0,1,18-02-2021,86,989,143,196,138,108,91,6,3,9,13,8,0,0,0,0,0,0,3,11,0,70,1,1665,31,53.71,0.097,0.419,0.29,0.194,0,66,36,2763.9,Middle,At Risk,Store,90.5,95,0.168,627.05,Retention Offer,6.3
10070,1964,PhD,Single,116869,0,0,21-11-2024,88,1144,146,641,188,115,161,3,14,10,1,3,0,0,0,0,0,0,3,11,0,62,0,2395,28,85.54,0.5,0.036,0.357,0.107,0,21,76,2897.95,Upper-Middle,High Value,Web,99.5,66.5,0.264,895.67,Retention Offer,5.8
10071,1970,Master,Together,40720,1,0,25-11-2025,21,644,91,750,31,58,34,4,2,2,4,6,0,0,0,0,0,0,3,11,0,56,1,1608,12,134,0.167,0.333,0.167,0.333,0,9,43,1752.72,Lower-Middle,Regular,Store,44.8,28.5,0.316,399.82,Regular Engagement,6.8
10072,1998,PhD,Divorced,68490,0,1,23-12-2025,90,644,42,258,217,56,113,3,2,7,14,12,0,0,0,0,0,0,3,11,0,28,1,1330,26,51.15,0.077,0.538,0.269,0.115,0,8,47,1436.4,Middle,At Risk,Store,87.5,56,0.187,345.69,Retention Offer,6.6
10073,1989,Master,Single,76582,0,0,22-10-2022,73,421,79,330,131,54,103,1,5,7,5,7,0,0,1,0,0,0,3,11,0,37,0,1118,18,62.11,0.278,0.278,0.389,0.056,1,46,53,1713.89,Middle,At Risk,Catalog,82.2,67,0.386,206.38,Retention Offer,5.3
10074,1976,Graduation,Married,105856,0,1,10-11-2019,78,687,97,551,188,168,141,2,14,8,12,19,0,0,0,0,0,0,3,11,0,50,1,1832,36,50.89,0.389,0.333,0.222,0.056,0,81,100,3315.92,Upper-Middle,High Value,Web,68,100,0.344,471.31,Retention Offer,7.6
10075,1978,Graduation,Together,77649,0,0,08-05-2023,47,475,49,279,252,74,88,2,14,8,7,2,0,0,0,0,0,0,3,11,0,48,0,1217,31,39.26,0.452,0.226,0.258,0.065,0,39,80,1691.63,Middle,Digitally Engaged,Web,70.2,81.5,0.356,276.94,Retention Offer,5.7
10076,1969,Graduation,Married,86293,0,1,01-05-2021,67,619,118,621,59,36,107,3,13,2,4,7,0,0,0,0,0,0,3,11,0,57,1,1560,22,70.91,0.591,0.182,0.091,0.136,0,64,75,2558.4,Upper-Middle,Digitally Engaged,Web,77.8,76,0.304,304.95,Retention Offer,6.1
10077,1968,Graduation,Married,117626,1,1,18-07-2022,47,928,159,476,150,111,102,7,2,7,6,16,0,0,0,0,0,0,3,11,0,58,2,1926,22,87.55,0.091,0.273,0.318,0.318,0,49,59,2869.74,Upper-Middle,High Value,Catalog,49.2,68.5,0.304,619.44,Premium Upsell,6.8
10078,1995,Basic,Single,13835,1,1,27-07-2024,78,278,18,228,104,50,213,7,7,6,7,14,0,0,0,0,0,0,3,11,0,31,2,891,27,33,0.259,0.259,0.222,0.259,0,25,76,1113.75,Low,At Risk,Web,75.5,66.5,0.284,270.6,Retention Offer,7.6
10079,1945,Graduation,Married,46597,2,0,20-02-2026,75,685,39,302,105,113,232,1,8,11,13,16,0,0,1,0,0,0,3,11,0,81,2,1476,33,44.73,0.242,0.394,0.333,0.03,1,6,90,1642.79,Lower-Middle,At Risk,Store,70.2,77,0.475,482.26,Retention Offer,7.3
10080,1962,Master,Married,52588,0,0,21-01-2025,12,413,98,514,93,120,85,3,14,11,15,10,0,0,0,1,0,0,3,11,1,64,0,1323,43,30.77,0.326,0.349,0.256,0.07,1,19,99,1653.09,Middle,Digitally Engaged,Store,24,100,0.624,347.72,Targeted Campaign,9
10081,1967,Master,Together,61872,2,1,14-08-2024,77,687,88,605,164,113,129,0,4,8,10,3,0,0,1,0,0,0,3,11,1,59,3,1786,22,81.18,0.182,0.455,0.364,0,1,24,32,2325.37,Middle,Champions,Store,83.2,64,0.326,405.79,Retention Offer,6.8
10082,1983,Basic,Married,44880,0,0,11-07-2021,56,728,74,391,37,81,69,2,9,5,0,11,1,0,0,0,0,0,3,11,1,43,0,1380,16,86.25,0.562,0,0.312,0.125,1,61,73,2332.89,Lower-Middle,Digitally Engaged,Web,55.5,70.5,0.471,420.49,Targeted Campaign,8.2
10083,1968,Graduation,Together,95809,1,0,07-01-2019,1,633,98,413,142,101,66,7,12,10,10,18,0,0,0,0,0,0,3,11,0,58,1,1453,39,37.26,0.308,0.256,0.256,0.179,0,91,100,2775.23,Upper-Middle,Digitally Engaged,Web,11.8,100,0.498,350.48,Targeted Campaign,8.3
10084,1962,Master,Divorced,45265,0,0,24-08-2021,95,493,36,369,93,31,62,7,0,3,15,3,0,0,0,0,0,0,3,11,0,64,0,1084,25,43.36,0,0.6,0.12,0.28,0,60,18,1734.4,Lower-Middle,At Risk,Store,100,80,0.105,293.83,Retention Offer,5.5
10085,1949,Graduation,Divorced,44286,2,0,21-02-2020,66,336,38,254,31,129,250,0,14,0,1,11,0,0,0,0,0,0,3,11,0,77,2,1038,15,69.2,0.933,0.067,0,0,0,78,97,1847.64,Lower-Middle,Digitally Engaged,Web,71,69,0.36,199.29,Retention Offer,6.4
10086,1959,Graduation,Single,77585,0,0,21-02-2019,95,540,96,503,149,80,118,4,3,11,9,11,0,0,0,0,0,0,3,11,0,67,0,1486,27,55.04,0.111,0.333,0.407,0.148,0,90,48,2823.4,Middle,At Risk,Catalog,92.8,99,0.18,428.01,Retention Offer,6.9
10087,1950,Graduation,Married,41587,0,1,05-09-2018,43,538,65,256,93,93,0,6,5,10,9,12,0,0,0,0,1,0,3,11,1,76,1,1045,30,34.83,0.167,0.3,0.333,0.2,1,95,60,2139.64,Lower-Middle,Regular,Catalog,44.2,100,0.464,409.12,Targeted Campaign,8.1
10088,1984,Master,Married,32318,1,1,22-12-2023,59,492,24,265,0,90,74,2,9,6,0,12,0,0,0,0,0,0,3,11,0,42,2,945,17,55.59,0.529,0,0.353,0.118,0,32,77,1247.4,Lower-Middle,Digitally Engaged,Web,64.2,50,0.324,211.34,Regular Engagement,5.7
10089,1968,Graduation,Married,24636,1,0,29-10-2024,64,568,76,162,103,0,53,3,11,9,8,17,0,0,0,0,0,0,3,11,0,58,1,962,31,31.03,0.355,0.258,0.29,0.097,0,22,100,1173.64,Low,Digitally Engaged,Web,60.5,73,0.372,240.67,Regular Engagement,6.3
10090,1957,Graduation,Together,59614,1,1,13-05-2019,61,451,61,422,43,93,195,7,10,6,8,2,0,0,0,0,1,0,3,11,0,69,2,1265,31,40.81,0.323,0.258,0.194,0.226,1,87,48,2483.83,Middle,Regular,Web,80.8,100,0.398,242.38,Retention Offer,6.3
10091,1975,Graduation,Married,94019,2,0,21-10-2018,43,786,131,855,169,75,137,1,13,3,13,12,0,0,1,0,0,0,3,11,0,51,2,2153,30,71.77,0.433,0.433,0.1,0.033,1,94,94,4385.66,Upper-Middle,High Value,Web,52.2,100,0.549,399.93,Targeted Campaign,7.6
10092,1972,Graduation,Married,87337,1,0,11-02-2023,59,838,107,763,144,40,74,3,8,8,15,3,0,1,0,0,0,0,3,11,0,54,1,1966,34,57.82,0.235,0.441,0.235,0.088,1,42,55,2931.31,Upper-Middle,High Value,Store,77.8,97,0.42,554.9,Retention Offer,8.3
10093,1971,PhD,Single,76952,2,0,06-04-2025,27,646,104,429,77,54,55,5,14,6,0,15,0,0,0,1,0,0,3,11,0,55,2,1365,25,54.6,0.56,0,0.24,0.2,1,16,100,1662.57,Middle,Digitally Engaged,Web,35.8,66,0.596,379.16,Targeted Campaign,7.1
10094,1977,Graduation,Together,67010,0,0,17-01-2024,44,667,88,471,88,88,36,1,4,11,0,17,1,0,0,0,0,0,3,11,0,49,0,1438,16,89.88,0.25,0,0.688,0.062,1,31,80,1977.97,Middle,Digitally Engaged,Catalog,45.5,55.5,0.512,278.14,Targeted Campaign,7.3
10095,1980,Graduation,Divorced,46814,0,0,05-07-2018,90,251,78,82,18,125,98,4,6,6,1,8,0,0,0,0,0,0,3,11,1,46,0,652,17,38.35,0.353,0.059,0.353,0.235,0,97,65,1284.44,Lower-Middle,At Risk,Web,85.5,82.5,0.232,211.83,Retention Offer,7.8
10096,1955,Graduation,Together,60621,0,0,26-06-2022,28,417,72,519,139,91,4,0,12,5,0,18,0,0,1,0,0,0,3,11,1,71,0,1242,17,73.06,0.706,0,0.294,0,1,50,100,1956.15,Middle,Digitally Engaged,Web,24,67,0.594,281.72,Targeted Campaign,7.4
10097,1953,Master,Together,26816,1,2,17-04-2023,91,636,11,416,118,76,7,0,11,3,4,10,0,0,0,0,0,0,3,11,0,73,3,1264,18,70.22,0.611,0.222,0.167,0,0,40,87,1769.6,Low,At Risk,Web,91.2,56,0.286,515.57,Retention Offer,7.2
10098,1985,Graduation,Single,68157,0,0,12-07-2021,24,309,60,184,162,73,97,0,1,9,5,14,0,0,1,0,0,0,3,11,0,41,0,885,15,59,0.067,0.333,0.6,0,1,61,55,1496.09,Middle,Regular,Catalog,35,68.5,0.49,314.3,Targeted Campaign,7.6
10099,1999,PhD,Married,93386,0,0,05-09-2024,32,409,110,329,128,89,201,0,6,10,15,5,0,0,0,0,0,0,3,11,0,27,0,1266,31,40.84,0.194,0.484,0.323,0,0,23,48,1557.18,Upper-Middle,Regular,Store,54.5,73.5,0.306,302.17,Regular Engagement,8.7
10100,1975,Basic,Married,14859,0,1,24-12-2019,46,391,57,0,0,0,61,0,0,10,5,8,0,0,0,0,0,0,3,11,0,51,1,509,15,33.93,0,0.333,0.667,0,0,80,42,916.2,Low,Regular,Catalog,60.5,70,0.263,177.14,Regular Engagement,7.3
10101,1970,Graduation,Together,102948,1,0,17-12-2018,77,511,136,546,138,67,122,6,10,8,4,10,0,0,0,0,0,0,3,11,0,56,1,1520,28,54.29,0.357,0.143,0.286,0.214,0,92,77,2918.4,Upper-Middle,At Risk,Web,80.8,100,0.288,554.29,Retention Offer,9.5
10102,1979,Master,Single,8000,0,0,30-12-2024,21,608,0,38,0,13,42,1,13,11,0,10,1,0,0,0,0,0,3,11,1,47,0,701,25,28.04,0.52,0,0.44,0.04,1,20,91,883.26,Low,Digitally Engaged,Web,30.8,68,0.586,262.67,Targeted Campaign,10
10103,1946,Graduation,Single,40206,0,0,30-11-2023,15,718,62,410,142,48,123,4,14,5,6,16,0,0,0,0,0,0,3,11,0,80,0,1503,29,51.83,0.483,0.207,0.172,0.138,0,33,100,1998.99,Lower-Middle,Digitally Engaged,Web,25.2,74.5,0.47,379.4,Targeted Campaign,8.4
10104,1965,Graduation,Widow,31152,0,1,25-03-2024,23,315,63,337,55,0,86,1,14,9,7,20,0,0,0,0,0,0,3,11,1,61,1,856,31,27.61,0.452,0.226,0.29,0.032,0,29,100,1104.24,Lower-Middle,Digitally Engaged,Web,17.2,76.5,0.454,180.35,Targeted Campaign,9.2
10105,1965,Master,Single,41885,1,0,30-12-2022,44,518,97,92,4,24,133,6,5,4,12,15,0,0,0,0,0,1,3,11,0,61,1,868,27,32.15,0.185,0.444,0.148,0.222,0,44,81,1249.92,Lower-Middle,Digitally Engaged,Store,63.5,76,0.264,178.92,Regular Engagement,2.5
10106,1968,Graduation,Together,52711,1,0,22-09-2021,8,380,120,215,124,21,141,1,8,5,14,7,0,0,0,0,0,0,3,11,0,58,1,1001,28,35.75,0.286,0.5,0.179,0.036,0,59,71,1591.59,Middle,Digitally Engaged,Store,33.5,85.5,0.412,382.88,Regular Engagement,8.7
10107,1986,PhD,Married,100873,1,1,28-11-2020,49,418,54,506,93,163,127,2,2,3,9,9,0,1,0,0,0,0,3,11,0,40,2,1361,16,85.06,0.125,0.562,0.188,0.125,1,69,40,2415.09,Upper-Middle,Regular,Store,61.2,74.5,0.402,379.47,Regular Engagement,7.7
10108,1972,Graduation,Divorced,33195,0,1,26-01-2022,44,504,63,235,62,41,17,3,5,8,5,13,0,0,0,0,0,0,3,11,0,54,1,922,21,43.9,0.238,0.238,0.381,0.143,0,55,68,1429.1,Lower-Middle,Digitally Engaged,Catalog,51.5,69.5,0.332,253.28,Regular Engagement,8.4
10109,1992,Graduation,Single,35630,0,0,26-01-2021,21,191,41,440,155,99,69,5,4,7,12,20,0,0,0,0,0,0,3,11,0,34,0,995,28,35.54,0.143,0.429,0.25,0.179,0,67,83,1661.65,Lower-Middle,Digitally Engaged,Store,23.8,89.5,0.416,294.13,Regular Engagement,8.2
10110,1971,Master,Together,41046,0,0,06-09-2023,59,603,31,411,168,65,108,5,1,2,7,2,0,0,0,0,1,0,3,11,1,55,0,1386,15,92.4,0.067,0.467,0.133,0.333,1,35,22,1964.66,Lower-Middle,Regular,Store,71.2,55.5,0.337,398.39,Retention Offer,6.5
10111,1946,PhD,Divorced,46716,0,0,19-12-2023,78,787,67,623,88,20,71,2,11,10,8,5,0,0,0,0,0,0,3,11,0,80,0,1656,31,53.42,0.355,0.258,0.323,0.065,0,32,70,2185.92,Lower-Middle,At Risk,Web,89,78,0.269,687.86,Retention Offer,6.5
10112,1982,Graduation,Together,44015,1,1,02-01-2020,51,567,103,0,26,94,13,1,4,6,14,20,0,0,0,1,0,0,3,11,1,44,2,803,25,32.12,0.16,0.56,0.24,0.04,1,79,95,1509.24,Lower-Middle,Digitally Engaged,Store,38.2,97.5,0.536,165.01,Targeted Campaign,7.1
10113,1989,Master,Married,23278,1,1,29-08-2024,9,673,5,676,46,0,58,0,12,3,14,6,0,0,0,0,0,0,3,11,0,37,2,1458,29,50.28,0.414,0.483,0.103,0,0,24,75,1807.92,Low,Digitally Engaged,Store,35.8,70,0.42,486.49,Regular Engagement,7.9
10114,1977,Master,Widow,70744,0,1,13-11-2018,14,617,76,544,133,101,92,0,11,9,0,19,0,0,0,0,0,0,3,11,0,49,1,1563,20,78.15,0.55,0,0.45,0,0,93,100,3016.59,Middle,Digitally Engaged,Web,20,86.5,0.472,339.67,Targeted Campaign,7.7
10115,1997,Master,Together,59138,0,0,09-05-2023,91,727,89,359,152,79,92,5,10,5,13,3,0,0,0,0,0,0,3,11,0,29,0,1498,33,45.39,0.303,0.394,0.152,0.152,0,39,63,2082.22,Middle,At Risk,Store,100,85.5,0.226,444.43,Retention Offer,4.8
10116,1968,Master,Together,92844,2,0,20-02-2019,83,908,59,374,104,148,137,3,9,3,5,20,0,0,0,0,0,1,3,11,0,58,2,1730,20,86.5,0.45,0.25,0.15,0.15,0,90,100,3287,Upper-Middle,At Risk,Web,85.2,85,0.234,497.74,Retention Offer,2.4
10117,1989,Graduation,Single,100098,2,1,02-04-2022,88,701,108,680,227,162,200,2,3,10,0,6,0,0,0,0,0,0,3,11,0,37,3,2078,15,138.53,0.2,0,0.667,0.133,0,52,36,3158.56,Upper-Middle,High Value,Catalog,95,56,0.164,518.47,Retention Offer,7.1
10118,1945,Master,Together,16404,0,1,22-01-2025,67,480,7,452,26,0,0,1,14,1,14,16,0,0,0,0,0,0,3,11,0,81,1,965,30,32.17,0.467,0.467,0.033,0.033,0,19,100,1148.35,Low,Digitally Engaged,Web,64.2,69.5,0.366,249.66,Regular Engagement,7.2
10119,1947,Graduation,Divorced,110260,1,1,14-06-2025,98,850,105,720,151,64,44,3,10,3,9,4,0,1,0,0,0,0,3,11,1,79,2,1934,25,77.36,0.4,0.36,0.12,0.12,1,14,60,2315,Upper-Middle,Champions,Web,97.5,65,0.354,734.31,Retention Offer,6.6
10120,1989,Basic,Married,78456,0,0,02-02-2025,62,393,75,640,98,26,159,0,10,10,15,14,0,0,0,0,0,0,3,11,0,37,0,1391,35,39.74,0.286,0.429,0.286,0,0,18,88,1641.38,Middle,Digitally Engaged,Store,63.5,79,0.346,520.22,Regular Engagement,6.5
10121,1993,Master,Married,101107,1,1,15-12-2025,37,639,135,569,132,88,143,2,2,2,12,2,0,0,0,0,0,0,3,11,0,33,2,1706,18,94.78,0.111,0.667,0.111,0.111,0,8,16,1842.48,Upper-Middle,Regular,Store,62.8,40,0.216,558.47,Regular Engagement,6.9
10122,1974,Master,Widow,60388,0,1,28-10-2021,19,458,89,337,219,51,50,1,1,9,3,19,0,0,1,0,0,0,3,11,1,52,1,1204,14,86,0.071,0.214,0.643,0.071,1,58,71,1997.44,Middle,Digitally Engaged,Catalog,15.8,65,0.54,460.63,Targeted Campaign,8.7
10123,1987,Master,Single,82550,1,2,27-05-2022,88,517,68,361,199,94,59,7,0,5,6,4,0,0,0,0,0,0,3,11,0,39,3,1298,18,72.11,0,0.333,0.278,0.389,0,51,18,1959.98,Upper-Middle,At Risk,Store,98,61.5,0.119,384.58,Retention Offer,5.9
10124,1963,Graduation,Married,80035,0,0,07-10-2018,73,540,75,183,116,130,67,6,1,3,1,10,0,0,0,0,0,0,3,11,0,63,0,1111,11,101,0.091,0.091,0.273,0.545,0,94,39,2155.34,Upper-Middle,At Risk,Catalog,77.8,69,0.202,276.69,Retention Offer,6.5
10125,1985,Master,Widow,103453,0,0,15-12-2020,52,1010,62,546,207,94,202,6,2,3,4,1,0,0,0,0,0,0,3,11,0,41,0,2121,15,141.4,0.133,0.267,0.2,0.4,0,68,24,3563.28,Upper-Middle,High Value,Store,75.5,64,0.206,553.44,Retention Offer,5.8
10126,1972,Master,Married,44923,1,1,06-12-2024,70,392,76,514,49,59,57,2,14,7,12,15,0,0,0,0,0,0,3,11,0,54,2,1147,35,32.77,0.4,0.343,0.2,0.057,0,20,100,1376.4,Lower-Middle,Digitally Engaged,Web,68,80,0.36,336.77,Retention Offer,4.1
10127,1962,Graduation,Single,45191,1,1,18-01-2026,74,603,0,658,0,0,61,2,10,9,8,7,0,0,0,0,0,0,3,11,0,64,2,1322,29,45.59,0.345,0.276,0.31,0.069,0,7,62,1414.54,Lower-Middle,At Risk,Web,83,61.5,0.257,296.42,Retention Offer,5.9
10128,1950,Master,Married,55708,0,0,01-11-2023,43,872,93,385,130,109,2,0,11,11,3,15,0,0,0,0,0,0,3,11,0,76,0,1591,25,63.64,0.44,0.12,0.44,0,0,34,100,2131.94,Middle,Digitally Engaged,Web,47.8,67,0.414,341.02,Regular Engagement,5.2
10129,1954,PhD,Widow,103872,0,0,01-07-2021,69,777,65,326,315,113,121,0,6,9,12,6,1,0,0,0,0,0,3,11,0,72,0,1717,27,63.59,0.222,0.444,0.333,0,1,62,51,2920.62,Upper-Middle,Regular,Store,80.8,93,0.39,692.49,Retention Offer,7.4
10130,1995,Graduation,Divorced,109120,0,1,09-09-2023,68,730,75,550,161,113,155,2,3,8,12,6,0,0,0,1,0,0,3,11,0,31,1,1784,25,71.36,0.12,0.48,0.32,0.08,1,35,43,2528.82,Upper-Middle,High Value,Store,80,75.5,0.372,486.94,Retention Offer,5.7
10131,1969,Graduation,Married,30011,0,0,17-06-2024,14,502,53,346,63,87,127,0,12,11,15,20,0,0,0,0,0,0,3,11,0,57,0,1178,38,31,0.316,0.395,0.289,0,0,26,100,1484.28,Lower-Middle,Digitally Engaged,Store,18.5,89,0.472,382.64,Targeted Campaign,6.9
10132,2000,Graduation,Single,79581,0,0,18-02-2024,24,356,71,743,55,88,125,7,9,4,1,10,0,0,1,0,0,0,3,11,0,26,0,1438,21,68.48,0.429,0.048,0.19,0.333,1,30,67,1962.87,Middle,Digitally Engaged,Web,41,65,0.52,428.12,Targeted Campaign,7
10133,1964,PhD,Single,62696,0,0,21-07-2023,54,451,38,443,42,113,37,3,3,8,11,3,1,0,0,0,0,0,3,11,1,62,0,1124,25,44.96,0.12,0.44,0.32,0.12,1,37,34,1616.87,Middle,Regular,Store,66,76.5,0.377,317.98,Retention Offer,6.8
10134,1948,Master,Single,56655,1,0,21-10-2023,56,594,58,592,107,75,0,7,0,7,3,10,0,0,0,0,0,0,3,11,0,78,1,1426,17,83.88,0,0.176,0.412,0.412,0,34,33,1910.84,Middle,Regular,Catalog,65,51,0.22,425.77,Regular Engagement,7.5
10135,1959,PhD,Single,79862,2,0,10-05-2024,59,283,124,592,129,148,103,6,4,11,13,17,0,0,0,0,0,0,3,11,0,67,2,1379,34,40.56,0.118,0.382,0.324,0.176,0,27,72,1751.33,Middle,Digitally Engaged,Store,56.8,81.5,0.312,277.89,Regular Engagement,6.1
10136,1965,PhD,Married,119553,0,1,29-11-2018,41,1095,93,718,164,84,204,6,14,3,14,1,0,0,0,0,0,0,3,11,0,61,1,2358,37,63.73,0.378,0.378,0.081,0.162,0,93,59,4550.94,Upper-Middle,High Value,Web,67.2,100,0.316,863.76,Retention Offer,9.2
10137,1984,Master,Together,81592,0,0,11-08-2025,73,789,30,547,120,119,52,4,11,0,7,16,0,0,0,0,0,0,3,11,0,42,0,1657,22,75.32,0.5,0.318,0,0.182,0,12,100,1855.84,Upper-Middle,At Risk,Web,68.8,50,0.354,552.87,Retention Offer,6.2
10138,1985,Master,Married,50292,0,0,20-11-2020,48,769,103,411,93,27,95,7,1,5,2,20,0,0,0,0,0,0,3,11,0,41,0,1498,15,99.87,0.067,0.133,0.333,0.467,0,69,80,2531.62,Middle,Digitally Engaged,Catalog,44,64.5,0.354,309.73,Regular Engagement,7.2
10139,1986,Graduation,Single,45222,0,0,17-03-2026,61,432,22,301,105,67,11,7,0,9,11,17,0,0,0,0,0,0,3,11,0,40,0,938,27,34.74,0,0.407,0.333,0.259,0,5,64,984.9,Lower-Middle,Regular,Store,58.2,56.5,0.288,389.05,Regular Engagement,6.2
10140,1962,Graduation,Divorced,79283,0,0,09-05-2021,48,665,63,478,180,67,233,6,3,7,12,14,0,0,0,0,0,0,3,11,0,64,0,1686,28,60.21,0.107,0.429,0.25,0.214,0,63,72,2748.18,Middle,Digitally Engaged,Store,53,87.5,0.334,568.21,Regular Engagement,5.5
10141,1966,Master,Married,72069,2,0,24-11-2020,61,812,103,371,177,81,69,5,12,0,0,10,0,0,0,0,0,0,3,11,0,60,2,1613,17,94.88,0.706,0,0,0.294,0,69,91,2725.97,Middle,Digitally Engaged,Web,68.8,68.5,0.356,529.17,Retention Offer,4.7
10142,1976,Graduation,Single,98300,1,0,10-09-2025,40,1102,98,680,186,87,62,5,6,10,1,14,0,0,0,1,0,0,3,11,0,50,1,2215,22,100.68,0.273,0.045,0.455,0.227,1,11,75,2581.58,Upper-Middle,High Value,Catalog,47,57.5,0.508,701.32,Targeted Campaign,8.3
10143,1978,Graduation,Married,106343,0,1,27-06-2021,1,971,110,359,108,138,153,4,0,10,3,14,0,0,0,0,0,0,3,11,0,48,1,1839,17,108.18,0,0.176,0.588,0.235,0,62,53,2979.18,Upper-Middle,High Value,Catalog,17.8,65,0.38,749.61,Premium Upsell,9.6
10144,1968,Basic,Single,72052,1,0,14-01-2020,23,737,80,315,25,134,32,7,10,10,13,16,0,0,0,0,0,0,3,11,0,58,1,1323,40,33.08,0.25,0.325,0.25,0.175,0,79,100,2368.17,Middle,Digitally Engaged,Store,31.2,100,0.454,405.16,Targeted Campaign,7.6
10145,1955,Graduation,Single,82829,0,0,31-01-2018,12,1006,65,637,209,144,44,6,10,9,6,13,1,0,0,0,0,0,3,11,1,71,0,2105,31,67.9,0.323,0.194,0.29,0.194,1,102,89,4464.71,Upper-Middle,Champions,Web,19.5,100,0.598,579.75,Targeted Campaign,10
10146,1988,Graduation,Together,114809,0,2,09-05-2023,44,1009,124,476,212,172,147,6,14,8,10,8,0,0,0,0,0,0,3,11,1,38,2,2140,38,56.32,0.368,0.263,0.211,0.158,0,39,82,2974.6,Upper-Middle,Champions,Web,51,95.5,0.367,697.74,Premium Upsell,8.6
10147,1974,PhD,Married,103639,0,1,11-03-2023,42,423,96,645,190,84,206,7,14,10,13,4,0,0,0,0,0,0,3,11,0,52,1,1644,44,37.36,0.318,0.295,0.227,0.159,0,41,81,2318.04,Upper-Middle,Digitally Engaged,Web,63.5,100,0.368,680.19,Regular Engagement,6.5
10148,1998,Graduation,Married,37692,1,0,22-01-2018,73,539,4,246,26,55,43,0,3,8,3,2,0,0,1,0,0,0,3,11,0,28,1,913,14,65.21,0.214,0.214,0.571,0,1,103,31,1946.06,Lower-Middle,At Risk,Catalog,89.8,87.5,0.332,313.73,Retention Offer,8.3
10149,1997,Master,Married,21877,0,0,06-02-2019,64,432,54,27,112,0,21,0,7,2,14,9,0,0,0,0,0,0,3,11,0,29,0,646,23,28.09,0.304,0.609,0.087,0,0,90,57,1227.4,Low,Regular,Store,72.5,91,0.264,240.24,Retention Offer,5.6
10150,1994,Graduation,Widow,23837,1,0,13-10-2020,61,533,33,255,76,30,0,0,3,5,13,14,0,0,0,0,0,0,3,11,1,32,1,927,21,44.14,0.143,0.619,0.238,0,0,70,65,1575.9,Low,Regular,Store,54.8,77,0.291,326.49,Regular Engagement,7.4
10151,1998,Master,Single,12110,1,1,30-08-2018,78,474,54,415,77,0,89,7,8,3,13,17,0,0,0,0,0,0,3,11,0,28,2,1109,31,35.77,0.258,0.419,0.097,0.226,0,96,100,2173.64,Low,At Risk,Store,71,100,0.344,450.7,Retention Offer,6.7
10152,1979,PhD,Widow,76411,2,0,16-06-2021,58,619,81,425,90,91,99,2,7,4,1,6,1,0,1,0,0,0,3,11,0,47,2,1405,14,100.36,0.5,0.071,0.286,0.143,2,62,52,2503.71,Middle,Regular,Web,72.5,75,0.564,308.24,Retention Offer,6.3
10153,1961,Graduation,Together,27173,1,1,17-05-2022,24,459,10,390,38,55,17,3,5,9,13,20,0,0,0,1,0,0,3,11,0,65,2,969,30,32.3,0.167,0.433,0.3,0.1,1,51,97,1536.35,Low,Digitally Engaged,Store,26,93.5,0.594,220.11,Targeted Campaign,7.6
10154,1953,Graduation,Widow,85195,1,0,16-06-2022,44,533,45,642,132,80,186,1,9,11,2,4,0,0,0,1,0,0,3,11,0,73,1,1618,23,70.35,0.391,0.087,0.478,0.043,1,50,66,2548.35,Upper-Middle,Digitally Engaged,Catalog,65,79,0.477,333.44,Targeted Campaign,7.6
10155,1950,PhD,Single,40100,0,0,28-09-2023,54,622,73,97,131,78,0,2,14,4,10,1,0,0,0,0,0,0,3,11,0,76,0,1001,30,33.37,0.467,0.333,0.133,0.067,0,35,63,1351.35,Lower-Middle,Regular,Web,77,77.5,0.3,190.49,Retention Offer,5.3
10156,1998,Graduation,Married,93341,0,0,08-05-2026,89,750,68,668,238,107,202,5,10,0,10,2,0,0,1,0,0,0,3,11,0,28,0,2033,25,81.32,0.4,0.4,0,0.2,1,3,64,2198.69,Upper-Middle,High Value,Web,100,59.5,0.382,421.37,Retention Offer,5.7
10157,1960,PhD,Single,83624,0,1,04-11-2021,38,683,53,408,112,75,65,7,10,3,12,18,0,0,0,0,0,0,3,11,0,66,1,1396,32,43.62,0.312,0.375,0.094,0.219,0,57,100,2191.72,Upper-Middle,Digitally Engaged,Store,39.5,92.5,0.424,568.88,Regular Engagement,5.7
10158,1946,PhD,Widow,69369,1,0,17-02-2018,21,874,68,598,155,4,162,4,14,3,7,8,0,0,0,0,0,0,3,11,0,80,1,1861,28,66.46,0.5,0.25,0.107,0.143,0,102,85,3759.22,Middle,High Value,Web,41.8,100,0.42,340.43,Premium Upsell,8.4
10159,1947,PhD,Married,78153,0,0,09-06-2025,7,776,95,423,159,88,59,1,4,5,14,19,0,0,0,0,0,0,3,11,1,79,0,1600,24,66.67,0.167,0.583,0.208,0.042,0,14,81,1824,Middle,Digitally Engaged,Store,6.8,55,0.438,628.97,Regular Engagement,8
10160,1961,PhD,Single,25845,0,1,10-05-2023,73,565,61,370,166,64,2,7,6,4,1,13,1,1,0,0,0,0,3,11,0,65,1,1228,18,68.22,0.333,0.056,0.222,0.389,2,39,78,1877.61,Low,At Risk,Web,73.2,71.5,0.599,265.4,Retention Offer,6.4
10161,1999,Graduation,Married,8000,0,1,25-11-2022,69,322,17,689,23,4,64,0,2,2,8,15,0,0,0,0,0,0,3,11,0,27,1,1119,12,93.25,0.167,0.667,0.167,0,0,45,63,1622.55,Low,Regular,Store,67.2,46.5,0.27,457.64,Retention Offer,6.1
10162,1960,Master,Divorced,47616,0,0,18-11-2025,42,451,53,266,166,105,77,3,5,5,10,16,0,1,0,0,0,0,3,11,0,66,0,1118,23,48.61,0.217,0.435,0.217,0.13,1,9,70,1279.55,Lower-Middle,Digitally Engaged,Store,45.5,58.5,0.491,301.04,Targeted Campaign,7.4
10163,1950,Graduation,Married,77284,2,1,27-12-2025,4,694,137,288,130,31,155,4,10,1,2,3,0,0,0,0,0,0,3,11,0,76,3,1435,17,84.41,0.588,0.118,0.059,0.235,0,8,67,1549.8,Middle,Digitally Engaged,Web,36.5,38,0.41,300,Regular Engagement,9.2
10164,1982,Graduation,Single,24680,1,1,04-04-2024,0,472,3,277,123,67,20,0,2,3,4,8,0,0,0,1,0,0,3,11,0,44,2,962,9,106.89,0.222,0.444,0.333,0,1,28,46,1292.93,Low,Regular,Store,26,40,0.515,257.52,Targeted Campaign,7.3
10165,1948,PhD,Married,83381,0,1,21-04-2019,72,718,55,617,145,107,98,2,8,4,15,5,0,1,0,0,0,0,3,11,0,78,1,1740,29,60,0.276,0.517,0.138,0.069,1,88,57,3434.76,Upper-Middle,At Risk,Store,84.5,100,0.398,553,Retention Offer,8.3
10166,1972,Basic,Married,81702,2,0,27-02-2021,39,731,84,746,210,45,132,5,3,8,5,1,0,0,0,0,0,0,3,11,0,54,2,1948,21,92.76,0.143,0.238,0.381,0.238,0,66,20,3233.68,Upper-Middle,High Value,Catalog,65.8,75,0.222,575,Retention Offer,9.2
10167,1949,Graduation,Married,67294,2,2,13-10-2018,28,716,95,667,97,111,23,3,5,4,12,13,0,0,0,0,0,0,3,11,0,77,4,1709,24,71.21,0.208,0.5,0.167,0.125,0,94,65,3315.46,Middle,Regular,Store,39.5,95,0.357,310.05,Regular Engagement,6.8
10168,1950,PhD,Single,71506,1,1,31-03-2024,62,844,62,409,206,132,75,3,1,3,3,17,0,0,0,1,0,0,3,11,0,76,2,1728,10,172.8,0.1,0.3,0.3,0.3,1,29,62,2340.58,Middle,Regular,Catalog,59,42.5,0.431,682.06,Regular Engagement,7
10169,1965,PhD,Married,60872,0,0,05-09-2024,0,402,64,341,72,164,58,1,10,10,4,19,0,0,0,0,0,0,3,11,0,61,0,1101,25,44.04,0.4,0.16,0.4,0.04,0,23,100,1354.23,Middle,Digitally Engaged,Web,9.5,61.5,0.5,427.09,Targeted Campaign,7.3
10170,1945,Graduation,Married,67917,0,1,19-01-2024,97,466,113,228,187,75,93,2,1,10,7,3,0,0,0,0,0,0,3,11,0,81,1,1162,20,58.1,0.05,0.35,0.5,0.1,0,31,26,1522.22,Middle,At Risk,Catalog,100,55.5,0.121,241.17,Retention Offer,5.6
10171,1992,PhD,Single,25463,2,1,24-01-2019,98,0,56,128,5,51,30,3,8,8,1,14,0,0,0,0,0,0,3,11,0,34,3,270,20,13.5,0.4,0.05,0.4,0.15,0,91,89,515.7,Low,At Risk,Web,90.5,85.5,0.276,49,Retention Offer,4.8
10172,1978,Master,Married,95201,1,1,24-11-2020,86,776,120,539,208,47,98,1,10,11,5,18,0,0,0,0,0,0,3,11,0,48,2,1788,27,66.22,0.37,0.185,0.407,0.037,0,69,98,3021.72,Upper-Middle,High Value,Catalog,75.5,88.5,0.323,556.74,Retention Offer,6.5
10173,1997,Master,Divorced,73839,0,0,02-10-2018,8,433,23,633,56,71,109,5,8,4,1,19,0,0,0,0,0,0,3,11,0,29,0,1325,18,73.61,0.444,0.056,0.222,0.278,0,94,99,2570.5,Middle,Digitally Engaged,Web,15.5,83,0.482,239.99,Targeted Campaign,10
10174,1972,Graduation,Single,79665,0,0,20-04-2020,80,335,50,721,121,108,4,1,1,8,10,3,0,0,0,0,0,0,3,11,1,54,0,1339,20,66.95,0.05,0.5,0.4,0.05,0,76,27,2356.64,Middle,At Risk,Store,85.5,78,0.158,299.16,Retention Offer,8.2
10175,1976,Graduation,Together,40957,1,1,17-03-2020,99,466,75,175,154,75,37,4,3,10,6,14,0,0,0,0,0,0,3,11,0,50,2,982,23,42.7,0.13,0.261,0.435,0.174,0,77,72,1738.14,Lower-Middle,At Risk,Catalog,91.2,84.5,0.232,273.88,Retention Offer,5.1
10176,1978,Basic,Married,18788,0,0,10-05-2023,96,216,101,129,77,0,19,0,11,2,7,8,0,0,0,0,0,0,3,11,0,48,0,542,20,27.1,0.55,0.35,0.1,0,0,39,69,753.38,Low,At Risk,Web,98,59.5,0.23,116.85,Retention Offer,6.6
10177,1971,Graduation,Single,100435,1,0,07-01-2021,70,958,127,587,66,27,142,2,11,9,9,18,0,0,0,0,0,0,3,11,0,55,1,1907,31,61.52,0.355,0.29,0.29,0.065,0,67,100,3184.69,Upper-Middle,High Value,Web,63.5,95.5,0.36,728.61,Premium Upsell,5.7
10178,1976,Graduation,Married,19158,2,2,23-02-2024,59,619,100,297,88,140,11,4,14,10,4,2,0,0,0,0,0,0,3,11,0,50,4,1255,32,39.22,0.438,0.125,0.312,0.125,0,30,68,1631.5,Low,Digitally Engaged,Web,79.2,79,0.302,408.08,Retention Offer,5.8
10179,1977,Graduation,Single,53423,0,0,17-04-2018,68,670,59,460,190,110,42,2,7,4,6,19,0,0,0,0,0,0,3,11,0,49,0,1531,19,80.58,0.368,0.316,0.211,0.105,0,100,89,3062,Middle,Digitally Engaged,Web,60.5,88,0.336,503.4,Regular Engagement,7
10180,1994,Graduation,Married,60048,1,0,11-01-2021,1,511,101,169,164,81,0,3,4,3,14,18,0,0,0,0,0,0,3,11,0,32,1,1026,24,42.75,0.167,0.583,0.125,0.125,0,67,78,1713.42,Middle,Digitally Engaged,Store,11.8,81.5,0.443,373.4,Regular Engagement,8
10181,1961,Graduation,Together,70880,1,0,29-03-2018,81,386,51,254,92,99,108,4,0,11,8,19,0,0,0,0,0,0,3,11,0,65,1,990,23,43.04,0,0.348,0.478,0.174,0,101,70,1989.9,Middle,At Risk,Catalog,70.2,96.5,0.263,186.66,Retention Offer,6.3
10182,1996,Graduation,Married,73208,0,2,05-07-2025,23,486,59,597,137,51,39,0,9,9,2,20,0,0,0,0,0,0,3,11,0,30,2,1369,20,68.45,0.45,0.1,0.45,0,0,13,100,1546.97,Middle,Digitally Engaged,Web,25.2,46.5,0.454,499.48,Targeted Campaign,7.5
10183,1954,Master,Widow,62833,0,0,11-08-2025,46,424,75,599,201,95,139,3,10,2,5,10,0,0,1,0,0,1,3,11,0,72,0,1533,20,76.65,0.5,0.25,0.1,0.15,1,12,71,1802.81,Middle,Digitally Engaged,Web,72.5,54,0.385,640.71,Retention Offer,3.8
10184,1955,Graduation,Single,20411,0,1,23-11-2022,81,324,81,134,139,0,72,6,0,5,4,7,0,0,0,0,0,0,3,11,1,71,1,750,15,50,0,0.267,0.333,0.4,0,45,22,1087.5,Low,At Risk,Catalog,80.2,52.5,0.143,292.44,Retention Offer,7.5
10185,1959,Graduation,Single,55113,0,0,02-09-2024,1,504,54,392,10,27,9,5,0,7,6,13,0,0,1,0,0,0,3,11,1,67,0,996,18,55.33,0,0.333,0.389,0.278,1,23,43,1286.33,Middle,Regular,Catalog,11.2,55.5,0.506,340.65,Targeted Campaign,8.9
10186,1997,Master,Married,60687,1,1,01-08-2021,36,903,72,532,174,105,72,7,13,6,14,8,0,0,0,0,0,0,3,11,0,29,2,1858,40,46.45,0.325,0.35,0.15,0.175,0,61,89,2991.38,Middle,High Value,Store,53,100,0.4,486.84,Premium Upsell,5.8
10187,1958,Master,Together,79528,1,0,13-03-2022,38,828,116,531,29,71,172,7,9,5,15,16,0,0,0,0,0,0,3,11,0,68,1,1747,36,48.53,0.25,0.417,0.139,0.194,0,53,96,2672.91,Middle,Digitally Engaged,Store,42.5,98.5,0.414,333.21,Regular Engagement,7.4
10188,1989,Graduation,Together,70555,1,0,12-06-2023,80,975,38,286,35,147,84,3,3,3,13,6,0,0,0,1,0,0,3,11,1,37,1,1565,22,71.14,0.136,0.591,0.136,0.136,1,38,36,2267.68,Middle,At Risk,Store,81,71,0.33,356.02,Retention Offer,7.4
10189,1977,Master,Single,97479,1,0,04-09-2021,85,807,134,591,158,50,168,4,8,10,9,7,0,0,0,0,0,0,3,11,0,49,1,1908,31,61.55,0.258,0.29,0.323,0.129,0,59,59,3033.72,Upper-Middle,High Value,Catalog,91.2,91.5,0.228,647.39,Retention Offer,4.5
10190,1980,PhD,Single,88645,1,0,02-02-2022,35,564,122,337,93,78,88,7,7,11,1,13,0,0,0,0,0,0,3,11,0,46,1,1282,26,49.31,0.269,0.038,0.423,0.269,0,54,74,1974.28,Upper-Middle,Digitally Engaged,Catalog,44.8,79,0.365,306.47,Regular Engagement,6
10191,1949,Basic,Married,25117,0,1,27-12-2018,10,304,51,333,134,0,78,4,1,0,4,13,0,0,0,0,0,0,3,11,0,77,1,900,9,100,0.111,0.444,0,0.444,0,92,59,1728,Low,Regular,Store,26,64,0.378,174.08,Regular Engagement,9
10192,1981,Master,Married,65439,1,0,15-03-2020,22,606,135,370,123,129,0,3,9,0,5,1,0,1,0,0,0,0,3,11,0,45,1,1363,17,80.18,0.529,0.294,0,0.176,1,77,42,2533.14,Middle,Regular,Web,53,80.5,0.461,350.17,Targeted Campaign,8.4
10193,1948,Master,Single,76682,2,0,07-12-2023,15,735,53,347,61,107,139,6,2,6,12,13,0,0,0,1,1,0,3,11,1,78,2,1442,26,55.46,0.077,0.462,0.231,0.231,2,32,47,2093.78,Middle,Regular,Store,21.8,84,0.638,426.56,Targeted Campaign,7.5
10194,1975,Graduation,Single,48214,0,1,14-07-2025,35,737,66,356,144,121,0,0,8,4,5,5,0,0,0,0,0,0,3,11,0,51,1,1424,17,83.76,0.471,0.294,0.235,0,0,13,57,1609.12,Lower-Middle,Regular,Web,56.8,40.5,0.322,276.96,Regular Engagement,6.3
10195,1989,Master,Together,108777,1,0,20-12-2019,51,714,132,484,71,47,87,0,1,8,8,4,0,0,1,1,0,0,3,11,0,37,1,1535,17,90.29,0.059,0.471,0.471,0,2,80,22,3039.3,Upper-Middle,Regular,Catalog,70.2,90,0.503,454.43,Retention Offer,7.7
10196,1996,Master,Married,46935,0,1,24-08-2019,18,454,72,160,129,66,61,2,1,8,13,10,0,0,0,0,0,0,3,11,0,30,1,942,24,39.25,0.042,0.542,0.333,0.083,0,84,35,1733.28,Lower-Middle,Regular,Store,36.5,90,0.302,219.46,Regular Engagement,7.2
10197,2000,Master,Divorced,24679,0,0,07-12-2021,9,451,11,346,103,29,107,1,6,7,8,14,0,0,0,0,0,0,3,11,0,26,0,1047,22,47.59,0.273,0.364,0.318,0.045,0,56,72,1633.32,Low,Digitally Engaged,Store,23.8,72,0.412,409.66,Regular Engagement,7.7
10198,1958,Graduation,Married,10178,0,0,23-06-2023,14,587,20,82,72,13,0,5,4,11,1,14,0,0,0,0,1,0,3,11,0,68,0,774,21,36.86,0.19,0.048,0.524,0.238,1,38,59,1121.53,Low,Regular,Catalog,27.5,69,0.52,145.23,Targeted Campaign,5.9
10199,1987,Master,Single,49464,1,0,17-07-2020,60,457,21,561,271,105,100,4,8,1,7,15,0,0,0,0,0,0,3,11,0,39,1,1515,20,75.75,0.4,0.35,0.05,0.2,0,73,88,2620.95,Lower-Middle,Digitally Engaged,Web,60.5,76.5,0.35,599.94,Regular Engagement,6.8
10200,1978,Master,Together,49612,1,0,24-01-2026,45,629,94,532,71,40,58,1,12,2,1,8,0,0,0,0,0,0,3,11,0,48,1,1424,16,89,0.75,0.062,0.125,0.062,0,7,91,1523.68,Lower-Middle,Digitally Engaged,Web,59.8,35.5,0.388,494.88,Regular Engagement,7.7
10201,1986,Graduation,Single,52259,1,0,22-12-2022,85,351,100,498,28,83,187,1,14,10,9,6,0,0,0,0,0,0,3,11,0,40,1,1247,34,36.68,0.412,0.265,0.294,0.029,0,44,84,1795.68,Middle,At Risk,Web,92.8,90,0.29,367.16,Retention Offer,5.7
10202,1990,Basic,Married,8000,0,0,22-05-2018,97,411,4,0,88,62,0,0,12,11,8,11,0,0,0,1,0,0,3,11,0,36,0,565,31,18.23,0.387,0.258,0.355,0,1,99,88,1180.57,Low,At Risk,Web,94.2,100,0.426,211.95,Retention Offer,6.3
10203,1971,PhD,Married,64034,0,0,20-09-2022,19,693,92,508,85,129,216,6,3,2,5,6,0,0,0,0,0,0,3,11,0,55,0,1723,16,107.69,0.188,0.312,0.125,0.375,0,47,31,2532.81,Middle,Regular,Store,43.2,55.5,0.29,484.02,Regular Engagement,6.6
10204,1952,Graduation,Single,98266,0,0,27-03-2020,93,872,37,410,139,24,123,3,11,7,8,12,0,0,1,0,0,0,3,11,0,74,0,1605,29,55.34,0.379,0.276,0.241,0.103,1,77,84,2982.89,Upper-Middle,At Risk,Web,89.8,100,0.424,358.7,Retention Offer,4.7
10205,1989,Graduation,Divorced,44484,2,0,04-11-2022,54,750,18,494,5,39,98,7,14,10,3,14,0,0,0,0,0,0,3,11,0,37,2,1404,34,41.29,0.412,0.088,0.294,0.206,0,45,100,2035.8,Lower-Middle,Digitally Engaged,Web,57.5,90.5,0.392,500.48,Regular Engagement,7.8
10206,1979,Graduation,Married,82023,0,0,10-01-2026,76,681,82,322,110,69,119,2,11,7,5,10,0,0,1,1,0,0,3,11,0,47,0,1383,25,55.32,0.44,0.2,0.28,0.08,2,7,89,1627.79,Upper-Middle,At Risk,Web,80,69.5,0.62,387.46,Retention Offer,6
10207,1952,Graduation,Married,45393,1,1,30-06-2025,6,635,47,293,83,54,47,1,8,1,15,20,0,0,0,0,0,0,3,11,0,74,2,1159,25,46.36,0.32,0.6,0.04,0.04,0,14,98,1321.26,Lower-Middle,Digitally Engaged,Store,12.5,57,0.483,243.08,Targeted Campaign,8.8
10208,1967,Graduation,Single,39359,0,0,21-02-2019,75,327,36,421,0,70,67,0,13,8,2,6,0,0,0,0,0,0,3,11,0,59,0,921,23,40.04,0.565,0.087,0.348,0,0,90,88,1749.9,Lower-Middle,At Risk,Web,85.2,91,0.32,275.38,Retention Offer,5.6
10209,1953,Graduation,Married,104556,0,1,02-02-2026,72,585,101,496,222,100,110,0,10,6,10,19,0,0,0,0,0,0,3,11,0,73,1,1614,26,62.08,0.385,0.385,0.231,0,0,6,100,1710.84,Upper-Middle,At Risk,Web,63.5,55,0.356,339.89,Regular Engagement,8.1
10210,1987,Graduation,Divorced,86032,1,0,11-04-2022,64,700,47,438,79,137,176,0,0,2,2,16,0,0,0,0,0,0,3,11,0,39,1,1577,4,394.25,0,0.5,0.5,0,0,52,55,2397.04,Upper-Middle,Regular,Catalog,62,34,0.26,305.73,Regular Engagement,6.2
10211,1963,Basic,Single,90990,0,0,29-11-2022,42,688,57,543,137,149,189,7,11,11,10,18,0,0,0,0,0,0,3,11,0,63,0,1763,39,45.21,0.282,0.256,0.282,0.179,0,45,100,2556.35,Upper-Middle,Digitally Engaged,Web,42.5,100,0.416,498.67,Regular Engagement,6.9
10212,1948,PhD,Married,134592,0,1,13-03-2026,72,1248,143,674,218,92,139,2,13,6,0,20,0,0,0,0,0,0,3,11,0,78,1,2514,21,119.71,0.619,0,0.286,0.095,0,5,100,2639.7,High,High Value,Web,62,44.5,0.356,931.53,Premium Upsell,7.1
10213,1960,Basic,Married,64731,0,0,28-08-2023,49,734,28,454,144,84,129,2,11,5,12,9,0,0,1,0,1,1,3,11,0,66,0,1573,30,52.43,0.367,0.4,0.167,0.067,2,36,87,2353.21,Middle,Digitally Engaged,Store,76.2,94,0.57,584.36,Retention Offer,2.3
10214,1978,PhD,Single,64256,2,0,19-04-2019,34,859,143,448,235,134,131,3,3,3,8,5,0,0,0,0,0,0,3,11,0,48,2,1950,17,114.71,0.176,0.471,0.176,0.176,0,88,46,3666,Middle,High Value,Store,56,78,0.297,442.43,Premium Upsell,6
10215,1978,Basic,Married,69119,2,0,30-12-2025,28,700,52,230,97,9,71,1,8,3,7,1,0,0,0,1,0,0,3,11,0,48,2,1159,19,61,0.421,0.368,0.158,0.053,1,8,39,1314.31,Middle,Regular,Web,57.5,50,0.442,253.12,Regular Engagement,7.1
10216,1992,Graduation,Widow,108061,0,0,04-08-2018,87,966,90,974,191,46,220,2,13,1,8,4,0,0,0,0,0,0,3,11,0,34,0,2487,24,103.62,0.542,0.333,0.042,0.083,0,96,66,4874.52,Upper-Middle,High Value,Web,97.2,96,0.241,844.47,Retention Offer,7.5
10217,1965,Master,Together,93340,0,1,25-11-2019,50,695,90,716,179,53,141,4,8,0,9,8,0,0,0,0,0,0,3,11,0,61,1,1874,21,89.24,0.381,0.429,0,0.19,0,81,75,3391.94,Upper-Middle,High Value,Store,63.5,82.5,0.338,565.01,Premium Upsell,7.2
10218,1980,Master,Married,38248,1,1,16-05-2020,78,604,74,389,110,58,33,5,10,7,2,9,0,0,0,0,0,0,3,11,0,46,2,1268,24,52.83,0.417,0.083,0.292,0.208,0,75,76,2219,Lower-Middle,At Risk,Web,83,85.5,0.284,282.93,Retention Offer,7.2
10219,1997,Master,Single,40319,1,0,17-01-2026,86,399,30,204,0,0,86,0,1,4,4,7,0,0,0,0,0,0,3,11,0,29,1,719,9,79.89,0.111,0.444,0.444,0,0,7,34,769.33,Lower-Middle,At Risk,Catalog,92,21.5,0.163,301.26,Retention Offer,6.2
10220,1962,Graduation,Single,76238,1,0,31-03-2019,78,574,28,619,132,53,13,4,12,11,11,12,0,0,0,0,0,0,3,11,0,64,1,1419,38,37.34,0.316,0.289,0.289,0.105,0,89,84,2681.91,Middle,At Risk,Web,78.5,100,0.304,332.88,Retention Offer,4.5
10221,1946,Master,Divorced,80200,1,1,02-01-2020,70,260,66,406,127,115,77,2,5,6,5,4,0,0,0,0,0,0,3,11,0,80,2,1051,18,58.39,0.278,0.278,0.333,0.111,0,79,33,1881.29,Upper-Middle,Regular,Catalog,84.5,75.5,0.192,246.01,Retention Offer,6.3
10222,1981,Master,Together,79087,1,0,10-01-2018,43,746,111,487,90,75,202,5,2,2,2,2,0,0,0,0,0,0,3,11,0,45,1,1711,11,155.55,0.182,0.182,0.182,0.455,0,103,31,3473.33,Middle,Regular,Web,67.2,73.5,0.242,546.71,Retention Offer,6.5
10223,1978,PhD,Together,81487,0,1,22-01-2018,50,850,76,452,152,67,107,2,4,5,5,3,0,0,0,1,0,0,3,11,1,48,1,1704,16,106.5,0.25,0.312,0.312,0.125,1,103,34,3632.08,Upper-Middle,Regular,Catalog,63,91.5,0.385,683.51,Regular Engagement,7.4
10224,1963,PhD,Married,59276,0,0,21-02-2022,40,704,70,427,146,115,95,6,11,4,11,6,0,0,0,0,0,0,3,11,0,63,0,1557,32,48.66,0.344,0.344,0.125,0.188,0,54,76,2397.78,Middle,Digitally Engaged,Web,59,91,0.36,286.82,Regular Engagement,7.4
10225,1976,Master,Single,83501,0,0,03-03-2026,30,746,95,768,152,30,91,7,10,8,15,20,0,0,0,0,0,0,3,11,0,50,0,1882,40,47.05,0.25,0.375,0.2,0.175,0,5,100,1976.1,Upper-Middle,High Value,Store,30.5,82.5,0.44,358.15,Premium Upsell,7.6
10226,1982,Master,Married,84338,0,0,21-01-2022,87,623,91,433,170,81,65,7,2,8,5,5,0,0,0,0,0,0,3,11,0,44,0,1463,22,66.5,0.091,0.227,0.364,0.318,0,55,31,2267.65,Upper-Middle,At Risk,Catalog,95.8,71.5,0.154,477.48,Retention Offer,5.6
10227,1990,PhD,Married,38165,0,0,06-08-2021,37,63,43,522,74,93,24,3,4,10,12,4,0,0,0,1,0,0,3,11,0,36,0,819,29,28.24,0.138,0.414,0.345,0.103,1,60,32,1375.92,Lower-Middle,Regular,Store,59.8,96,0.406,269.83,Regular Engagement,8.9
10228,1952,Master,Single,27269,2,0,05-05-2026,93,220,84,342,5,15,194,3,0,1,13,12,0,0,0,0,0,0,3,11,0,74,2,860,17,50.59,0,0.765,0.059,0.176,0,3,36,885.8,Low,At Risk,Store,89.8,35.5,0.154,195.71,Retention Offer,6.6
10229,1971,Master,Married,72107,1,0,27-12-2019,91,620,53,312,238,135,80,3,2,7,14,1,0,0,0,0,0,0,3,11,0,55,1,1438,26,55.31,0.077,0.538,0.269,0.115,0,80,24,2588.4,Middle,At Risk,Store,100,92,0.128,322.49,Retention Offer,6.5
10230,1960,Graduation,Married,52726,2,0,20-10-2025,88,677,77,737,55,0,76,3,5,10,9,20,0,0,0,0,0,1,3,11,0,66,2,1622,27,60.07,0.185,0.333,0.37,0.111,0,10,95,1784.2,Middle,At Risk,Catalog,89,59,0.212,548.07,Retention Offer,2.1
10231,1963,Graduation,Single,21811,0,2,20-09-2024,73,622,22,363,69,77,18,0,11,9,0,13,0,0,0,0,0,0,3,11,0,63,2,1171,20,58.55,0.55,0,0.45,0,0,23,88,1440.33,Low,At Risk,Web,73.2,51.5,0.324,229.02,Retention Offer,8
10232,1946,Master,Single,88233,0,2,08-01-2018,54,926,88,281,163,67,78,5,2,4,12,4,0,0,0,0,0,0,3,11,1,80,2,1603,23,69.7,0.087,0.522,0.174,0.217,0,103,24,3254.09,Upper-Middle,Regular,Store,64.5,97.5,0.202,412.28,Regular Engagement,7.7
10233,1968,Master,Single,77653,0,0,12-04-2020,23,552,135,417,68,99,84,7,14,8,12,10,0,0,0,0,0,0,3,11,0,58,0,1355,41,33.05,0.341,0.293,0.195,0.171,0,76,100,2384.8,Middle,Digitally Engaged,Web,40.2,100,0.454,567.73,Targeted Campaign,9.4
10234,1949,Basic,Together,106841,0,0,10-10-2021,15,772,130,452,169,163,184,4,1,0,8,10,0,0,0,0,0,0,3,11,0,77,0,1870,13,143.85,0.077,0.615,0,0.308,0,58,47,2954.6,Upper-Middle,High Value,Store,34.2,55,0.338,507.39,Premium Upsell,9
10235,1996,Graduation,Married,63396,1,1,28-02-2025,75,371,84,279,139,117,0,0,6,4,10,8,0,0,0,0,0,0,3,11,0,30,2,990,20,49.5,0.3,0.5,0.2,0,0,18,58,1168.2,Middle,At Risk,Store,82.2,49,0.245,256.32,Retention Offer,5.9
10236,1976,Graduation,Married,67268,1,1,29-08-2019,58,288,69,299,135,66,56,3,11,0,7,15,0,0,0,0,0,0,3,11,0,50,2,913,21,43.48,0.524,0.333,0,0.143,0,84,91,1679.92,Middle,Digitally Engaged,Web,59,84,0.362,303.32,Regular Engagement,5.8
10237,1968,Graduation,Married,21688,1,1,08-06-2018,72,250,95,250,61,50,115,2,3,1,1,9,0,0,0,0,0,0,3,11,0,58,2,821,7,117.29,0.429,0.143,0.143,0.286,0,98,44,1625.58,Low,At Risk,Web,78.5,63,0.216,160.85,Retention Offer,6.1
10238,1957,Master,Married,107319,1,0,06-03-2021,23,669,126,618,203,113,81,7,1,8,9,12,0,0,1,0,0,0,3,11,1,69,1,1810,25,72.4,0.04,0.36,0.32,0.28,1,65,41,3135.82,Upper-Middle,Champions,Store,29.2,90.5,0.456,666.32,Targeted Campaign,8.9
10239,1997,PhD,Single,83495,0,0,24-01-2020,83,536,89,610,59,44,189,0,5,10,5,20,0,0,0,0,0,0,3,11,0,29,0,1527,20,76.35,0.25,0.25,0.5,0,0,79,87,2733.33,Upper-Middle,At Risk,Catalog,70.2,79.5,0.302,481.28,Retention Offer,3.6
10240,1973,Graduation,Married,91804,1,2,20-12-2020,87,881,66,537,187,162,100,5,11,0,3,8,0,0,0,0,0,0,3,11,0,53,3,1933,19,101.74,0.579,0.158,0,0.263,0,68,73,3247.44,Upper-Middle,High Value,Web,91.2,72,0.258,567.9,Retention Offer,6.9
10241,2000,Master,Widow,57451,2,0,15-12-2022,68,841,38,396,161,0,0,6,4,6,2,4,0,0,0,0,0,0,3,11,0,26,2,1436,18,79.78,0.222,0.111,0.333,0.333,0,44,42,2067.84,Middle,Regular,Catalog,83,58,0.219,264.76,Retention Offer,7
10242,1981,Graduation,Together,63154,0,1,02-07-2022,94,456,84,645,105,73,125,4,3,1,0,16,0,0,0,0,0,0,3,11,0,45,1,1488,8,186,0.375,0,0.125,0.5,0,50,67,2232,Middle,At Risk,Web,84.5,41,0.23,482.21,Retention Offer,7.4
10243,2000,Master,Together,74752,1,0,16-08-2023,11,961,73,354,68,117,0,3,4,4,7,16,0,0,0,0,0,0,3,11,0,26,1,1573,18,87.39,0.222,0.389,0.222,0.167,0,36,75,2139.28,Middle,Digitally Engaged,Store,22.2,54,0.416,649.51,Regular Engagement,7.4
10244,1994,Graduation,Together,42142,1,0,11-12-2018,58,195,72,404,25,29,73,2,9,5,14,5,0,0,0,0,0,0,3,11,0,32,1,798,30,26.6,0.3,0.467,0.167,0.067,0,92,62,1532.16,Lower-Middle,Regular,Store,74,100,0.289,185.1,Retention Offer,6.6
10245,1986,Master,Single,41531,0,1,07-02-2022,58,575,38,487,85,66,92,4,8,2,7,12,0,0,0,0,0,1,3,11,0,40,1,1343,21,63.95,0.381,0.333,0.095,0.19,0,54,72,2068.22,Lower-Middle,Digitally Engaged,Web,78.5,69,0.214,292.08,Retention Offer,2.7
10246,1964,Graduation,Together,124767,0,1,05-01-2026,65,1000,99,830,148,109,172,5,3,0,15,4,1,0,0,0,0,0,3,11,0,62,1,2358,23,102.52,0.13,0.652,0,0.217,1,7,31,2649.21,High,High Value,Store,80.8,57.5,0.348,640.78,Retention Offer,7.6
10247,1988,Master,Together,75089,0,0,09-01-2020,5,407,88,341,196,82,84,4,13,5,3,9,0,0,0,0,0,0,3,11,0,38,0,1198,25,47.92,0.52,0.12,0.2,0.16,0,79,86,2144.42,Middle,Digitally Engaged,Web,28.2,89.5,0.455,347.29,Targeted Campaign,7.6
10248,1962,Graduation,Married,44060,2,1,07-08-2022,14,688,82,268,14,64,137,6,13,10,5,20,0,0,0,0,0,0,3,11,0,64,3,1253,34,36.85,0.382,0.147,0.294,0.176,0,48,100,1854.44,Lower-Middle,Digitally Engaged,Web,18.5,92,0.472,404.32,Targeted Campaign,6.7
10249,1993,Graduation,Divorced,22022,0,0,21-05-2025,53,337,26,232,49,81,9,1,9,3,1,18,0,0,0,0,0,0,3,11,0,33,0,734,14,52.43,0.643,0.071,0.214,0.071,0,15,96,844.1,Low,Digitally Engaged,Web,50.8,35.5,0.384,214.05,Regular Engagement,5.3
10250,1962,Master,Single,29391,0,0,31-07-2019,23,488,50,384,0,125,127,2,4,10,10,17,0,0,0,0,0,0,3,11,0,64,0,1174,26,45.15,0.154,0.385,0.385,0.077,0,85,82,2171.9,Low,Digitally Engaged,Catalog,29.8,94.5,0.409,348.18,Regular Engagement,7.7
10251,1949,Master,Single,74553,0,0,30-10-2025,5,861,85,631,168,33,58,3,2,3,15,15,0,0,0,0,0,0,3,11,0,77,0,1836,23,79.83,0.087,0.652,0.13,0.13,0,10,53,2019.6,Middle,High Value,Store,19.2,51,0.372,403.34,Premium Upsell,7.4
10252,1951,Graduation,Divorced,35912,1,0,05-08-2021,89,593,39,280,140,68,64,6,2,9,5,20,1,0,0,0,0,0,3,11,0,75,1,1184,22,53.82,0.091,0.227,0.409,0.273,1,60,79,1989.12,Lower-Middle,At Risk,Catalog,74.8,82,0.42,325.13,Retention Offer,5.1
10253,1970,Master,Married,32129,0,0,17-07-2018,78,372,57,518,108,94,16,7,8,9,12,10,1,0,0,0,0,0,3,11,0,56,0,1165,36,32.36,0.222,0.333,0.25,0.194,1,97,80,2409.8,Lower-Middle,At Risk,Store,81.5,100,0.444,470.25,Retention Offer,8.2
10254,1982,Graduation,Divorced,58320,0,0,13-02-2025,80,568,130,490,150,49,26,6,11,9,13,19,0,0,0,0,0,0,3,11,0,44,0,1413,39,36.23,0.282,0.333,0.231,0.154,0,18,100,1667.34,Middle,At Risk,Store,69.5,87,0.34,564.09,Retention Offer,7.1
10255,1961,Basic,Married,75391,0,1,14-02-2020,32,973,151,350,162,137,58,5,7,0,2,14,0,0,1,0,0,0,3,11,0,65,1,1831,14,130.79,0.5,0.143,0,0.357,1,78,72,3422.14,Middle,High Value,Web,41,75,0.516,581.53,Targeted Campaign,6.2
10256,1990,Graduation,Married,103126,0,0,27-07-2021,78,481,40,721,163,0,42,7,7,10,14,10,1,0,1,0,0,0,3,11,0,36,0,1447,38,38.08,0.184,0.368,0.263,0.184,2,61,73,2562.64,Upper-Middle,At Risk,Store,81.5,100,0.576,580.61,Retention Offer,5.2
10257,1959,Master,Together,39942,1,1,10-09-2023,93,661,62,41,110,104,61,0,12,9,11,17,0,0,0,0,1,0,3,11,1,67,2,1039,32,32.47,0.375,0.344,0.281,0,1,35,100,1472.78,Lower-Middle,At Risk,Web,74.2,89.5,0.464,214.75,Retention Offer,8.5
10258,1971,Master,Married,43630,0,0,24-06-2022,6,681,56,311,104,55,0,0,13,8,8,17,0,0,0,0,0,0,3,11,0,55,0,1207,29,41.62,0.448,0.276,0.276,0,0,50,100,1810.5,Lower-Middle,Digitally Engaged,Web,17,83,0.488,442.92,Targeted Campaign,9.6
10259,1963,PhD,Single,75627,0,0,14-09-2024,66,1001,120,152,137,72,121,1,4,1,13,19,0,0,0,1,0,0,3,11,0,63,0,1603,19,84.37,0.211,0.684,0.053,0.053,1,23,79,2070.27,Middle,Digitally Engaged,Store,59,57.5,0.466,663.45,Targeted Campaign,6.4
10260,1976,Master,Married,49970,0,1,26-03-2025,16,780,67,378,85,62,159,2,8,8,13,17,0,0,0,0,0,0,3,11,0,50,1,1531,31,49.39,0.258,0.419,0.258,0.065,0,17,100,1791.27,Lower-Middle,Digitally Engaged,Store,24.5,70.5,0.468,345.46,Targeted Campaign,8.5
10261,1955,PhD,Single,89669,0,0,22-05-2024,83,452,72,688,215,146,109,5,10,9,8,5,0,0,0,0,0,0,3,11,1,71,0,1682,32,52.56,0.312,0.25,0.281,0.156,0,27,67,2136.14,Upper-Middle,At Risk,Web,84.8,77.5,0.252,344,Retention Offer,6.6
10262,1998,PhD,Divorced,50491,1,0,04-05-2019,67,649,103,473,59,48,148,0,5,1,12,18,0,0,0,0,0,0,3,11,0,28,1,1480,18,82.22,0.278,0.667,0.056,0,0,87,77,2767.6,Middle,Digitally Engaged,Store,61.2,79.5,0.308,487.9,Regular Engagement,7.3
10263,1996,Graduation,Divorced,24589,1,2,08-12-2019,67,484,68,0,96,0,0,1,2,10,14,9,0,0,1,0,0,0,3,11,0,30,3,648,27,24,0.074,0.519,0.37,0.037,1,80,51,1224.72,Low,Regular,Store,74.8,100,0.394,141.06,Retention Offer,6
10264,1984,Master,Single,43110,0,0,04-02-2026,70,660,13,378,224,0,63,6,0,8,5,19,0,0,0,0,0,0,3,11,0,42,0,1338,19,70.42,0,0.263,0.421,0.316,0,6,73,1418.28,Lower-Middle,Digitally Engaged,Catalog,62,41,0.292,265.31,Regular Engagement,6.3
10265,1974,PhD,Married,17843,1,1,03-08-2019,42,716,10,329,0,9,21,2,7,10,8,13,0,0,0,0,0,0,3,11,0,52,2,1085,27,40.19,0.259,0.296,0.37,0.074,0,84,76,1996.4,Low,Digitally Engaged,Catalog,50,96,0.356,450.34,Regular Engagement,6.4
10266,1986,Graduation,Together,48529,1,1,24-02-2026,38,596,88,481,158,47,100,4,7,4,14,12,0,0,0,0,0,0,3,11,0,40,2,1470,29,50.69,0.241,0.483,0.138,0.138,0,6,64,1558.2,Lower-Middle,Regular,Store,48.5,61,0.334,274.73,Regular Engagement,6.7
10267,1971,Graduation,Single,78878,0,1,28-07-2021,0,642,83,581,81,46,216,1,11,2,3,16,0,0,0,0,0,0,3,11,1,55,1,1649,17,97,0.647,0.176,0.118,0.059,0,61,98,2654.89,Middle,Digitally Engaged,Web,6,64.5,0.495,533.73,Targeted Campaign,8.8
10268,1994,PhD,Single,65996,1,0,08-03-2020,32,578,43,552,180,97,80,3,12,3,4,12,0,1,0,0,0,0,3,11,0,32,1,1530,22,69.55,0.545,0.182,0.136,0.136,1,77,93,2843.5,Middle,Digitally Engaged,Web,44,90.5,0.568,360.29,Targeted Campaign,6.7
10269,1948,Basic,Single,60918,0,0,13-12-2020,65,788,78,182,0,46,44,5,4,7,6,18,0,0,0,0,0,0,3,11,0,78,0,1138,22,51.73,0.182,0.273,0.318,0.227,0,68,77,1911.84,Middle,Digitally Engaged,Catalog,59.8,78,0.312,321.4,Regular Engagement,6.8
10270,1957,Graduation,Divorced,26042,1,0,08-08-2020,58,236,99,251,104,49,115,1,11,11,15,11,0,0,0,0,0,0,3,11,0,69,1,854,38,22.47,0.289,0.395,0.289,0.026,0,72,86,1468.88,Low,Digitally Engaged,Store,65,100,0.349,298.26,Regular Engagement,7.6
10271,1970,PhD,Married,41594,1,0,23-07-2021,90,620,61,224,25,28,176,6,2,3,1,4,0,0,0,0,0,0,3,11,0,56,1,1134,12,94.5,0.167,0.083,0.25,0.5,0,61,30,1825.74,Lower-Middle,At Risk,Catalog,99.5,54.5,0.145,333.25,Retention Offer,7.1
10272,1981,Master,Single,52761,1,1,19-04-2023,9,619,67,359,84,62,103,3,10,11,1,10,0,0,0,1,0,0,3,11,0,45,2,1294,25,51.76,0.4,0.04,0.44,0.12,1,40,87,1902.18,Middle,Digitally Engaged,Catalog,29.8,78,0.599,391.85,Targeted Campaign,7
10273,1984,Master,Single,71802,0,1,15-01-2023,87,319,132,487,174,68,168,6,11,2,10,8,0,1,0,0,0,0,3,11,0,42,1,1348,29,46.48,0.379,0.345,0.069,0.207,1,43,81,2024.02,Middle,At Risk,Web,91.2,87.5,0.429,358.14,Retention Offer,7.4
10274,1985,Graduation,Single,140215,1,0,01-09-2025,35,1059,126,593,252,142,219,1,8,7,3,9,0,0,1,0,0,0,3,11,1,41,1,2391,19,125.84,0.421,0.158,0.368,0.053,1,11,74,2786.71,High,Champions,Web,42.8,51.5,0.515,836.9,Targeted Campaign,8.4
10275,1997,Graduation,Married,43773,0,2,07-03-2022,94,310,106,254,145,62,111,2,13,1,15,6,0,0,0,0,0,0,3,11,1,29,2,988,31,31.87,0.419,0.484,0.032,0.065,0,53,84,1511.64,Lower-Middle,At Risk,Store,91.5,88.5,0.272,273.02,Retention Offer,7.1
10276,1992,Graduation,Single,92606,0,0,06-12-2019,51,1102,95,623,167,135,26,0,8,1,4,19,0,0,0,0,0,0,3,11,0,34,0,2148,13,165.23,0.615,0.308,0.077,0,0,80,89,3866.4,Upper-Middle,High Value,Web,47.8,66,0.371,440.57,Premium Upsell,5.8
10277,1996,Master,Married,29684,1,0,26-08-2019,61,276,48,188,33,36,148,2,12,10,15,18,0,0,0,1,0,0,3,11,0,30,1,729,39,18.69,0.308,0.385,0.256,0.051,1,84,100,1408.43,Low,Digitally Engaged,Store,56.8,100,0.528,170.25,Targeted Campaign,7
10278,1964,Graduation,Widow,33196,0,2,21-07-2021,23,636,30,221,90,69,196,1,3,1,0,4,0,0,0,0,0,0,3,11,0,62,2,1242,5,248.4,0.6,0,0.2,0.2,0,61,28,1999.62,Lower-Middle,Regular,Web,49.2,40.5,0.274,372.82,Regular Engagement,8.1
10279,1983,Master,Married,8000,1,1,20-09-2018,38,294,0,198,35,30,0,4,0,0,1,17,0,0,0,0,0,0,3,11,0,43,2,557,5,111.4,0,0.2,0,0.8,0,95,62,1086.15,Low,Regular,Store,41,57.5,0.329,136.53,Regular Engagement,6.5
10280,1983,PhD,Single,40748,0,1,22-04-2026,4,306,59,526,154,84,40,5,5,1,6,17,0,0,0,0,0,0,3,11,0,43,1,1169,17,68.76,0.294,0.353,0.059,0.294,0,4,82,1215.76,Lower-Middle,Digitally Engaged,Store,15.5,36,0.447,335.31,Regular Engagement,7.5
10281,1978,Master,Single,95524,2,0,19-04-2026,73,836,105,491,235,134,130,1,10,8,2,18,0,0,0,0,0,0,3,11,0,48,2,1931,21,91.95,0.476,0.095,0.381,0.048,0,4,94,2008.24,Upper-Middle,High Value,Web,65.8,44,0.339,748.74,Retention Offer,5.9
10282,1978,Master,Married,63489,0,1,23-03-2026,53,367,43,166,75,144,84,2,7,5,15,9,0,0,0,0,0,1,3,11,0,48,1,879,29,30.31,0.241,0.517,0.172,0.069,0,5,56,922.95,Middle,Regular,Store,79.2,60.5,0.184,344.95,Retention Offer,2.8
10283,1974,Master,Married,100738,1,0,23-04-2019,99,745,83,417,210,106,140,0,8,11,11,12,0,0,0,0,0,0,3,11,0,52,1,1701,30,56.7,0.267,0.367,0.367,0,0,88,72,3197.88,Upper-Middle,At Risk,Catalog,94.2,100,0.232,452.65,Retention Offer,5.5
10284,1967,Graduation,Single,49140,0,0,31-12-2023,22,791,57,376,100,90,112,7,10,2,3,19,0,0,0,0,0,0,3,11,0,59,0,1526,22,69.36,0.455,0.136,0.091,0.318,0,32,100,2014.32,Lower-Middle,Digitally Engaged,Web,26,60,0.456,366.11,Targeted Campaign,7.5
10285,1952,Graduation,Single,96095,0,0,06-06-2021,3,698,46,277,182,87,122,6,6,6,1,5,0,0,0,0,0,0,3,11,1,74,0,1412,19,74.32,0.316,0.053,0.316,0.316,0,62,40,2287.44,Upper-Middle,Regular,Web,24.8,69,0.344,344.01,Regular Engagement,8.2
10286,1950,Master,Together,47423,1,0,17-10-2021,42,927,46,213,167,9,137,7,6,8,0,16,0,0,0,0,1,0,3,11,1,76,1,1499,21,71.38,0.286,0,0.381,0.333,1,58,81,2486.84,Lower-Middle,Digitally Engaged,Catalog,37.5,79,0.519,503.82,Targeted Campaign,8.2
10287,1945,Master,Married,90691,0,0,09-08-2018,18,926,34,387,220,97,71,5,7,10,15,4,0,0,0,0,0,0,3,11,1,81,0,1735,37,46.89,0.189,0.405,0.27,0.135,0,96,50,3400.6,Upper-Middle,Regular,Store,37.5,100,0.339,470.36,Regular Engagement,8.1
10288,1964,PhD,Together,113108,0,0,29-07-2020,15,567,94,923,134,138,184,3,8,1,2,20,0,0,0,0,0,0,3,11,0,62,0,2040,14,145.71,0.571,0.143,0.071,0.214,0,73,100,3529.2,Upper-Middle,High Value,Web,19.2,64.5,0.47,552.82,Targeted Campaign,8.3
10289,1965,Basic,Married,57215,0,0,20-11-2020,86,972,69,511,154,124,130,4,10,2,9,8,0,0,0,0,0,0,3,11,1,61,0,1960,25,78.4,0.4,0.36,0.08,0.16,0,69,70,3312.4,Middle,Champions,Web,82.5,84.5,0.253,593.82,Retention Offer,7.2
10290,1998,Graduation,Single,23565,0,1,02-02-2026,60,721,80,122,119,48,81,5,8,9,14,7,0,0,1,0,0,0,3,11,1,28,1,1171,36,32.53,0.222,0.389,0.25,0.139,1,6,72,1303.32,Low,Digitally Engaged,Store,64.5,83,0.46,278.53,Targeted Campaign,8.9
10291,1958,Basic,Married,119186,0,1,04-06-2025,81,516,55,493,205,129,186,1,1,10,13,11,0,0,0,0,1,0,3,11,0,68,1,1584,25,63.36,0.04,0.52,0.4,0.04,1,14,41,1896.05,Upper-Middle,At Risk,Store,82.2,65,0.34,509.66,Retention Offer,8.5
10292,1957,Graduation,Married,37959,0,0,18-04-2022,26,429,27,110,110,20,89,6,14,11,4,5,0,0,0,0,1,0,3,11,0,69,0,785,35,22.43,0.4,0.114,0.314,0.171,1,52,76,1252.86,Lower-Middle,Digitally Engaged,Web,50,100,0.538,281.89,Targeted Campaign,6.3
10293,1947,Graduation,Married,47093,1,0,03-10-2021,84,858,83,357,155,135,48,1,4,0,8,8,0,1,0,0,0,0,3,11,0,79,1,1636,13,125.85,0.308,0.615,0,0.077,1,58,55,2714.12,Lower-Middle,At Risk,Store,89,63,0.37,593.02,Retention Offer,5.7
10294,1951,Graduation,Divorced,54741,1,2,30-06-2025,20,548,84,366,67,32,70,5,3,1,12,11,0,0,0,0,0,0,3,11,0,75,3,1167,21,55.57,0.143,0.571,0.048,0.238,0,14,52,1330.38,Middle,Regular,Store,36.5,49,0.34,411.26,Regular Engagement,8.2
10295,1981,PhD,Widow,91500,1,0,23-05-2019,43,744,82,298,230,99,52,2,2,8,13,14,0,0,0,0,0,0,3,11,0,45,1,1505,25,60.2,0.08,0.52,0.32,0.08,0,87,50,2814.35,Upper-Middle,Regular,Store,49.2,93.5,0.289,449.88,Regular Engagement,7.8
10296,1965,Master,Together,84741,0,1,02-12-2024,98,542,144,552,139,125,204,2,7,3,4,8,0,0,1,0,0,0,3,11,0,61,1,1706,16,106.62,0.438,0.25,0.188,0.125,1,20,58,2149.56,Upper-Middle,At Risk,Web,99.5,50,0.349,401.71,Retention Offer,6.8
10297,1979,Graduation,Divorced,83721,0,0,31-10-2023,9,708,71,665,159,76,41,7,1,0,0,11,0,1,0,0,1,0,3,11,0,47,0,1720,8,215,0.125,0,0,0.875,2,34,42,2535.28,Upper-Middle,Regular,Web,28.2,49,0.637,355.22,Targeted Campaign,9
10298,1950,Master,Married,55860,1,1,17-10-2021,13,662,94,461,65,94,110,4,13,9,5,2,0,1,0,0,0,0,3,11,1,76,2,1486,31,47.94,0.419,0.161,0.29,0.129,1,58,58,2465.27,Middle,Regular,Web,36.8,99,0.519,353.47,Targeted Campaign,9
10299,1987,Graduation,Single,58281,1,0,10-06-2021,74,926,97,393,125,0,51,4,6,9,12,9,0,0,0,0,0,0,3,11,0,39,1,1592,31,51.35,0.194,0.387,0.29,0.129,0,62,55,2579.04,Middle,At Risk,Store,80,93,0.24,505.29,Retention Offer,5.5
10300,1959,Graduation,Divorced,88752,1,0,09-01-2019,93,604,39,734,154,86,155,2,5,3,8,11,0,0,0,0,0,0,3,11,0,67,1,1772,18,98.44,0.278,0.444,0.167,0.111,0,91,61,3384.52,Upper-Middle,At Risk,Store,91.2,81.5,0.217,651.65,Retention Offer,7.6
10301,1948,Master,Together,114102,0,0,19-09-2024,38,872,123,669,174,146,123,5,4,3,3,20,0,0,0,0,0,0,3,11,0,78,0,2107,15,140.47,0.267,0.2,0.2,0.333,0,23,92,2591.61,Upper-Middle,High Value,Web,36.5,41.5,0.404,565.16,Premium Upsell,7.5
10302,1996,Master,Single,26700,1,1,15-08-2021,46,740,60,303,0,0,188,7,5,9,7,19,0,1,0,1,0,0,3,11,1,30,2,1291,28,46.11,0.179,0.25,0.321,0.25,2,60,87,2272.16,Low,Digitally Engaged,Catalog,36,100,0.676,253.1,Targeted Campaign,8.2
10303,1965,Master,Widow,101792,0,0,04-09-2024,58,892,62,686,207,30,167,5,4,3,8,1,0,0,0,0,0,0,3,11,0,61,0,2044,20,102.2,0.2,0.4,0.15,0.25,0,23,29,2514.12,Upper-Middle,High Value,Store,80,51.5,0.207,538.87,Retention Offer,5.8
10304,1962,Graduation,Divorced,93214,0,0,24-08-2024,62,520,144,309,97,113,154,2,6,8,4,18,0,0,0,0,0,0,3,11,1,64,0,1337,20,66.85,0.3,0.2,0.4,0.1,0,24,90,1657.88,Upper-Middle,Digitally Engaged,Catalog,49.5,52,0.351,491.44,Regular Engagement,8.4
10305,1947,Graduation,Married,84158,0,0,12-02-2026,53,858,81,737,129,11,93,1,12,10,6,17,0,0,0,0,0,0,3,11,0,79,0,1909,29,65.83,0.414,0.207,0.345,0.034,0,6,100,2023.54,Upper-Middle,High Value,Web,52.2,61,0.394,657.84,Premium Upsell,7.5
10306,1977,Graduation,Married,43490,0,1,02-05-2026,86,584,112,356,114,30,40,4,7,8,11,1,0,0,0,0,0,0,3,11,0,49,1,1236,30,41.2,0.233,0.367,0.267,0.133,0,4,32,1285.44,Lower-Middle,At Risk,Store,100,62,0.158,469.02,Retention Offer,6.5
10307,1960,Master,Married,67458,0,0,28-04-2020,3,318,33,416,97,123,46,6,14,10,3,10,0,0,0,1,0,0,3,11,0,66,0,1033,33,31.3,0.424,0.091,0.303,0.182,1,76,92,1908.98,Middle,Digitally Engaged,Web,25.2,100,0.624,369.8,Targeted Campaign,7
10308,1958,Master,Married,76225,0,0,04-11-2021,43,924,60,575,90,8,150,5,11,5,12,7,0,0,0,0,0,0,3,11,0,68,0,1807,33,54.76,0.333,0.364,0.152,0.152,0,57,78,2836.99,Middle,High Value,Store,59.8,94.5,0.359,488.99,Premium Upsell,8.5
10309,1982,PhD,Single,45396,0,1,10-04-2018,54,274,79,169,135,101,22,0,2,3,3,20,0,0,1,0,0,0,3,11,1,44,1,780,8,97.5,0.25,0.375,0.375,0,1,100,72,1638,Lower-Middle,Digitally Engaged,Catalog,40.5,74,0.472,267.14,Targeted Campaign,7.4
10310,1982,PhD,Single,100093,1,2,28-04-2025,58,1002,86,427,85,109,158,1,12,5,6,17,0,0,0,1,0,0,3,11,0,44,3,1867,24,77.79,0.5,0.25,0.208,0.042,1,16,100,2274.01,Upper-Middle,High Value,Web,56,64,0.534,449.61,Targeted Campaign,7.3
10311,1953,Graduation,Divorced,50626,0,1,08-03-2024,16,591,101,425,105,63,52,6,1,11,8,13,1,0,0,0,0,0,3,11,0,73,1,1337,26,51.42,0.038,0.308,0.423,0.231,1,29,44,1810.97,Middle,Regular,Catalog,30.5,74.5,0.478,247.16,Targeted Campaign,8.9
10312,1952,Master,Together,110948,0,0,22-03-2020,5,958,92,687,165,20,152,4,2,6,4,2,0,0,0,0,0,0,3,11,0,74,0,2074,16,129.62,0.125,0.25,0.375,0.25,0,77,20,3670.98,Upper-Middle,High Value,Catalog,38.8,70.5,0.29,738.48,Premium Upsell,7.4
10313,1958,PhD,Widow,19917,1,0,20-03-2024,22,177,0,22,76,64,0,1,13,4,8,8,0,0,0,0,0,1,3,11,0,68,1,339,26,13.04,0.5,0.308,0.154,0.038,0,29,85,437.31,Low,Digitally Engaged,Web,57.5,66.5,0.318,113.42,Regular Engagement,3.3
10314,1989,Graduation,Together,23662,0,1,11-09-2025,98,281,81,222,34,0,54,0,13,3,4,10,0,0,1,0,0,0,3,11,0,37,1,672,20,33.6,0.65,0.2,0.15,0,1,11,85,783.22,Low,At Risk,Web,96.5,53.5,0.416,210.09,Retention Offer,6.7
10315,1959,Basic,Married,8011,0,1,07-02-2022,9,364,28,41,17,11,0,7,6,10,11,10,0,0,0,0,0,0,3,11,0,67,1,461,34,13.56,0.176,0.324,0.294,0.206,0,54,68,709.94,Low,Digitally Engaged,Store,29.8,95,0.402,117.36,Regular Engagement,8.9
10316,1968,Graduation,Together,86267,1,1,22-06-2020,0,604,89,439,193,154,118,6,3,7,4,1,0,0,0,0,0,0,3,11,0,58,2,1597,20,79.85,0.15,0.2,0.35,0.3,0,74,25,2778.78,Upper-Middle,Regular,Catalog,36.5,77,0.312,421.52,Regular Engagement,9.2
10317,1952,Master,Single,37714,0,0,12-01-2022,34,284,47,142,160,5,40,2,4,11,4,16,0,0,1,0,0,0,3,11,0,74,0,678,21,32.29,0.19,0.19,0.524,0.095,1,55,83,1103.45,Lower-Middle,Digitally Engaged,Catalog,39.5,77.5,0.54,257.55,Targeted Campaign,6.1
10318,1955,Master,Widow,40202,1,2,08-05-2021,93,409,80,437,48,26,25,1,14,1,3,8,0,0,0,0,0,0,3,11,0,71,3,1025,19,53.95,0.737,0.158,0.053,0.053,0,63,81,1670.75,Lower-Middle,At Risk,Web,95.8,69.5,0.266,222.28,Retention Offer,6.9
10319,1982,Graduation,Married,92215,0,0,09-12-2023,31,573,114,560,187,34,96,1,12,0,4,2,0,0,0,0,0,0,3,11,0,44,0,1564,17,92,0.706,0.235,0,0.059,0,32,65,2064.48,Upper-Middle,Regular,Web,58.2,50,0.351,521.61,Regular Engagement,7.8
10320,1987,PhD,Married,116961,2,0,16-03-2024,47,880,23,466,213,51,171,1,13,6,5,14,0,0,0,1,0,0,3,11,1,39,2,1804,25,72.16,0.52,0.2,0.24,0.04,1,29,100,2443.52,Upper-Middle,Champions,Web,44.2,72.5,0.556,755.46,Targeted Campaign,6.5
10321,1993,Graduation,Together,42206,2,1,10-07-2018,63,356,71,389,160,50,0,4,13,1,15,15,0,0,0,0,0,0,3,11,0,33,3,1026,33,31.09,0.394,0.455,0.03,0.121,0,97,100,2021.22,Lower-Middle,Digitally Engaged,Store,62.8,100,0.374,261.25,Regular Engagement,5.7
10322,1976,Master,Married,105779,0,1,13-04-2025,78,215,48,581,269,132,108,4,12,6,8,4,0,0,1,0,0,0,3,11,0,50,1,1353,30,45.1,0.4,0.267,0.2,0.133,1,16,65,1647.95,Upper-Middle,At Risk,Web,90.5,76,0.406,311,Retention Offer,6.3
10323,1960,Graduation,Married,81020,0,0,12-02-2026,2,1009,89,473,148,77,0,3,7,8,10,1,0,0,0,0,0,0,3,11,0,66,0,1796,28,64.14,0.25,0.357,0.286,0.107,0,6,35,1903.76,Upper-Middle,High Value,Store,38,59,0.334,620.53,Premium Upsell,8.4
10324,1969,Master,Married,64376,1,0,24-09-2019,67,611,68,186,127,56,182,6,8,5,0,5,0,0,0,1,0,0,3,11,0,57,1,1230,19,64.74,0.421,0,0.263,0.316,1,83,57,2363.45,Middle,Regular,Web,80.8,87.5,0.409,289.9,Retention Offer,8.5
10325,1953,Basic,Single,28823,1,0,03-08-2018,78,553,67,88,50,47,117,3,5,4,14,20,0,0,0,0,0,0,3,11,0,73,1,922,26,35.46,0.192,0.538,0.154,0.115,0,96,81,1807.12,Low,At Risk,Store,66.5,100,0.296,271.33,Retention Offer,7.2
10326,1958,Graduation,Married,22384,2,0,16-07-2022,70,31,0,199,113,80,83,2,13,9,3,3,0,0,1,0,0,0,3,11,0,68,2,506,27,18.74,0.481,0.111,0.333,0.074,1,49,68,791.64,Low,Digitally Engaged,Web,86,86.5,0.43,149.3,Retention Offer,7.5
10327,1971,Graduation,Married,66604,1,0,17-12-2018,39,405,68,275,150,36,119,1,7,1,2,7,0,0,0,0,0,0,3,11,0,55,1,1053,11,95.73,0.636,0.182,0.091,0.091,0,92,66,2021.76,Middle,Digitally Engaged,Web,56.8,68,0.337,220.12,Regular Engagement,7.2
10328,1988,Master,Married,68695,1,0,11-07-2022,73,630,134,356,119,129,90,2,2,9,9,3,0,0,0,1,1,0,3,11,0,38,1,1458,22,66.27,0.091,0.409,0.409,0.091,2,49,25,2389.66,Middle,At Risk,Catalog,88.2,84.5,0.466,379.14,Retention Offer,7
10329,1959,PhD,Married,43931,0,1,07-11-2019,87,920,126,413,58,10,141,7,6,2,14,12,0,0,0,0,0,1,3,11,0,67,1,1668,29,57.52,0.207,0.483,0.069,0.241,0,81,62,3019.08,Lower-Middle,At Risk,Store,100,98.5,0.131,486.59,Retention Offer,3.5
10330,1965,Graduation,Single,34914,0,1,19-06-2025,22,541,10,404,59,24,44,3,13,2,0,2,0,0,0,0,0,0,3,11,0,61,1,1082,18,60.11,0.722,0,0.111,0.167,0,14,60,1233.48,Lower-Middle,Regular,Web,51.5,43,0.356,223.26,Regular Engagement,7.3
10331,1947,PhD,Married,25141,0,0,20-10-2021,68,337,28,228,0,86,24,4,7,3,12,7,0,0,0,0,0,0,3,11,0,79,0,703,26,27.04,0.269,0.462,0.115,0.154,0,58,50,1110.74,Low,Regular,Store,78.5,81,0.239,138.36,Retention Offer,6
10332,1947,Graduation,Together,75346,1,0,10-11-2022,59,692,40,397,0,88,73,2,14,7,7,3,0,0,0,0,0,0,3,11,0,79,1,1290,30,43,0.467,0.233,0.233,0.067,0,45,79,1870.5,Middle,Digitally Engaged,Web,77.8,82.5,0.33,453.4,Retention Offer,6.8
10333,1975,Graduation,Married,84950,0,0,15-04-2024,52,433,78,206,123,99,179,2,6,7,0,12,0,0,0,0,0,0,3,11,0,51,0,1118,15,74.53,0.4,0,0.467,0.133,0,28,62,1431.04,Upper-Middle,Regular,Catalog,59,44,0.301,206.67,Regular Engagement,6.5
10334,1999,Graduation,Single,86295,1,1,17-07-2020,22,507,121,486,108,36,124,3,5,11,12,1,0,0,0,0,0,0,3,11,1,27,2,1382,31,44.58,0.161,0.387,0.355,0.097,0,73,24,2390.86,Upper-Middle,Regular,Store,45,98.5,0.266,333.17,Regular Engagement,7.2
10335,1977,Basic,Single,83126,0,0,06-02-2026,83,847,115,411,166,113,160,3,13,11,9,5,0,0,0,0,0,0,3,11,1,49,0,1812,36,50.33,0.361,0.25,0.306,0.083,0,6,77,1920.72,Upper-Middle,Champions,Web,84.8,75,0.276,614.3,Retention Offer,5.9
10336,1946,Basic,Married,48368,1,1,20-01-2019,4,541,38,280,112,111,106,7,10,11,5,1,0,0,0,0,0,0,3,11,0,80,2,1188,33,36,0.303,0.152,0.333,0.212,0,91,56,2269.08,Lower-Middle,Regular,Catalog,39.5,100,0.382,298.94,Regular Engagement,9.1
10337,1977,Master,Married,112727,0,0,15-08-2020,84,874,82,702,145,108,261,4,10,2,10,9,0,0,0,0,0,0,3,11,0,49,0,2172,26,83.54,0.385,0.385,0.077,0.154,0,72,76,3735.84,Upper-Middle,High Value,Web,87.5,88,0.272,704.42,Retention Offer,5.2
10338,1951,Basic,Married,34423,0,0,10-01-2022,30,689,5,79,71,94,0,1,2,1,10,2,0,0,0,0,0,0,3,11,0,75,0,938,14,67,0.143,0.714,0.071,0.071,0,55,32,1453.9,Lower-Middle,Regular,Store,57.5,55.5,0.27,201.86,Regular Engagement,6.8
10339,1983,Master,Married,81788,0,0,05-12-2018,17,727,62,589,111,86,72,3,3,8,4,18,0,0,1,0,0,0,3,11,0,43,0,1647,18,91.5,0.167,0.222,0.444,0.167,1,92,69,3320.35,Upper-Middle,Digitally Engaged,Catalog,23.8,90,0.538,537.28,Targeted Campaign,7.2
10340,1971,Master,Married,52629,0,1,01-07-2018,32,259,84,199,167,4,52,7,11,0,6,17,0,0,0,0,0,0,3,11,0,55,1,765,24,31.88,0.458,0.25,0,0.292,0,98,100,1514.7,Middle,Digitally Engaged,Web,36.5,97,0.436,311.88,Regular Engagement,6.6
10341,1965,Graduation,Married,31158,1,0,27-05-2022,75,753,56,44,102,44,86,5,11,11,14,9,0,0,0,0,0,0,3,11,0,61,1,1085,41,26.46,0.268,0.341,0.268,0.122,0,51,84,1638.35,Lower-Middle,At Risk,Store,80.8,100,0.31,240.3,Retention Offer,5.1
10342,1956,Graduation,Married,45275,0,0,16-05-2025,97,642,89,186,99,79,89,5,3,1,11,14,1,0,0,0,1,0,3,11,0,70,0,1184,20,59.2,0.15,0.55,0.05,0.25,2,15,73,1497.76,Lower-Middle,At Risk,Store,89.8,63.5,0.538,404.76,Retention Offer,6.6
10343,1954,Basic,Married,81088,1,0,27-01-2021,76,884,110,302,197,111,117,0,14,7,7,6,0,0,0,1,0,0,3,11,0,72,1,1721,28,61.46,0.5,0.25,0.25,0,1,67,80,3017.77,Upper-Middle,At Risk,Web,86,97.5,0.448,661.16,Retention Offer,6.7
10344,1963,Graduation,Single,97363,1,1,05-02-2022,21,660,126,526,240,106,136,0,14,8,12,12,0,0,0,0,0,0,3,11,0,63,2,1794,34,52.76,0.412,0.353,0.235,0,0,54,100,2762.76,Upper-Middle,High Value,Web,35.8,95,0.458,423.92,Targeted Campaign,8.1
10345,1970,Master,Together,74419,0,0,18-02-2021,12,744,104,735,185,80,89,3,3,10,7,8,0,0,0,0,0,0,3,11,0,56,0,1937,23,84.22,0.13,0.304,0.435,0.13,0,66,42,3215.42,Middle,High Value,Catalog,35,79,0.331,739.71,Premium Upsell,8.7
10346,1976,PhD,Together,8000,0,2,22-07-2022,3,634,8,442,66,75,63,2,4,6,0,3,0,0,0,0,0,0,3,11,0,50,2,1288,12,107.33,0.333,0,0.5,0.167,0,49,42,1919.12,Low,Regular,Catalog,35.8,48.5,0.349,326.32,Regular Engagement,8.7
10347,1983,Graduation,Married,86797,1,0,09-06-2024,85,600,108,451,162,129,143,0,4,8,14,13,0,0,0,0,0,1,3,11,0,43,1,1593,26,61.27,0.154,0.538,0.308,0,0,26,57,2007.18,Upper-Middle,At Risk,Store,97.2,65,0.122,541.1,Retention Offer,1.6
10348,1998,Graduation,Single,8000,0,1,11-03-2020,88,496,0,147,29,0,132,4,9,9,4,16,0,0,0,0,0,0,3,11,0,28,1,804,26,30.92,0.346,0.154,0.346,0.154,0,77,88,1423.08,Low,At Risk,Web,80,90.5,0.294,189.33,Retention Offer,7
10349,1946,Master,Together,122594,0,0,23-12-2025,72,1154,46,850,194,90,183,6,7,8,3,13,0,0,1,0,1,0,3,11,1,80,0,2517,24,104.88,0.292,0.125,0.333,0.25,2,8,79,2990.2,High,Champions,Catalog,64.5,68,0.604,515.89,Targeted Campaign,7.1
10350,1997,Basic,Married,71262,1,1,18-01-2025,49,995,24,593,131,104,133,2,7,6,14,13,0,0,0,0,0,0,3,11,0,29,2,1980,29,68.28,0.241,0.483,0.207,0.069,0,19,77,2356.2,Middle,High Value,Store,55.2,67.5,0.344,444.18,Premium Upsell,8.8
10351,1976,Graduation,Together,69172,1,0,11-12-2019,95,408,70,296,104,21,62,7,3,1,7,8,0,0,0,0,0,0,3,11,0,50,1,961,18,53.39,0.167,0.389,0.056,0.389,0,80,54,1729.8,Middle,At Risk,Store,97.2,76,0.195,358.39,Retention Offer,5.3
10352,1949,PhD,Single,94915,1,1,17-07-2024,9,551,117,619,163,84,139,1,8,3,1,11,0,0,0,0,0,0,3,11,0,77,2,1673,13,128.69,0.615,0.077,0.231,0.077,0,25,84,2091.25,Upper-Middle,Digitally Engaged,Web,28.2,38.5,0.442,604.97,Regular Engagement,7.8
10353,1993,Graduation,Married,56266,1,0,02-03-2019,52,419,85,426,120,51,42,7,2,10,14,19,0,0,1,0,0,0,3,11,0,33,1,1143,33,34.64,0.061,0.424,0.303,0.212,1,90,68,2280.28,Middle,Digitally Engaged,Store,48.5,100,0.466,385.73,Targeted Campaign,5.6
10354,1992,Graduation,Married,57038,0,0,17-05-2019,22,572,16,557,162,32,130,7,10,8,8,13,0,0,0,0,0,0,3,11,0,34,0,1469,33,44.52,0.303,0.242,0.242,0.212,0,87,92,2747.03,Middle,Digitally Engaged,Web,35,100,0.436,571.2,Regular Engagement,7.6
10355,1961,Graduation,Single,53309,1,1,12-06-2024,63,532,56,775,106,133,171,1,12,2,15,14,0,0,1,0,0,0,3,11,0,65,2,1773,30,59.1,0.4,0.5,0.067,0.033,1,26,100,2345.68,Middle,Digitally Engaged,Store,64.2,81,0.524,607.69,Targeted Campaign,7.8
10356,1954,Graduation,Married,68639,2,0,07-12-2025,97,653,98,407,177,89,143,2,5,4,13,16,0,0,0,0,0,0,3,11,0,72,2,1567,24,65.29,0.208,0.542,0.167,0.083,0,8,73,1692.36,Middle,At Risk,Store,86.8,52,0.238,641.24,Retention Offer,7.9
10357,1961,PhD,Married,67273,0,2,05-10-2022,14,711,82,539,182,46,122,3,3,10,10,14,0,0,0,0,0,0,3,11,0,65,2,1682,26,64.69,0.115,0.385,0.385,0.115,0,46,54,2455.72,Middle,Regular,Catalog,27.5,75,0.357,560.79,Regular Engagement,6.4
10358,1990,Master,Together,71629,1,0,02-04-2021,18,496,69,453,45,17,67,6,12,10,1,7,0,0,0,0,0,0,3,11,0,36,1,1147,29,39.55,0.414,0.034,0.345,0.207,0,64,72,1881.08,Middle,Digitally Engaged,Web,41,90,0.394,263.12,Regular Engagement,7.9
10359,1996,Graduation,Married,8000,0,0,05-05-2018,39,448,12,212,67,0,27,4,4,6,8,5,0,0,0,0,0,0,3,11,1,30,0,766,22,34.82,0.182,0.364,0.273,0.182,0,99,50,1524.34,Low,Regular,Store,51.8,93.5,0.297,196.76,Regular Engagement,8.6
10360,1961,Graduation,Married,61933,1,1,20-04-2019,38,390,43,272,88,93,133,0,2,10,12,20,0,1,0,0,0,0,3,11,0,65,2,1019,24,42.46,0.083,0.5,0.417,0,1,88,86,2011.51,Middle,Digitally Engaged,Store,36.5,100,0.539,419.05,Targeted Campaign,7.2
10361,1971,Master,Single,16829,1,0,28-02-2018,81,345,45,168,36,18,76,1,14,7,8,17,0,0,1,0,0,0,3,11,0,55,1,688,30,22.93,0.467,0.267,0.233,0.033,1,102,100,1459.25,Low,At Risk,Web,73.2,100,0.488,170.71,Retention Offer,7
10362,1985,Master,Married,146686,1,0,07-11-2018,89,729,172,829,98,134,121,0,3,7,7,4,0,0,0,0,1,0,3,11,0,41,1,2083,17,122.53,0.176,0.412,0.412,0,1,93,36,4221.2,High,High Value,Catalog,98.8,88.5,0.312,770.45,Retention Offer,5.7
10363,1955,Graduation,Married,88692,2,0,24-08-2020,76,1036,145,378,225,90,83,3,6,2,12,20,0,0,0,0,0,0,3,11,0,71,2,1957,23,85.09,0.261,0.522,0.087,0.13,0,72,99,3366.04,Upper-Middle,High Value,Store,65,82,0.346,395.18,Premium Upsell,5.2
10364,1985,Graduation,Single,92767,2,1,06-01-2024,97,247,39,588,169,41,0,6,9,11,15,5,0,0,0,0,0,0,3,11,0,41,3,1084,41,26.44,0.22,0.366,0.268,0.146,0,31,61,1420.04,Upper-Middle,At Risk,Store,100,97.5,0.209,212.42,Retention Offer,5.4
10365,1957,Master,Widow,79033,0,0,19-12-2018,36,571,92,518,143,106,132,2,13,4,1,10,0,0,0,0,0,0,3,11,0,69,0,1562,20,78.1,0.65,0.05,0.2,0.1,0,92,97,2999.04,Middle,Digitally Engaged,Web,50,86,0.42,387.28,Regular Engagement,8.5
10366,1992,Graduation,Together,84935,0,0,07-02-2020,97,422,146,465,172,116,149,2,5,6,2,4,0,0,0,0,0,0,3,11,0,34,0,1470,15,98,0.333,0.133,0.4,0.133,0,78,33,2616.6,Upper-Middle,At Risk,Catalog,100,69,0.138,419.25,Retention Offer,5.6
10367,1952,Master,Divorced,37796,1,1,12-03-2023,8,585,1,628,123,83,6,7,0,11,3,4,0,0,0,0,0,0,3,11,0,74,2,1426,21,67.9,0,0.143,0.524,0.333,0,41,23,2010.66,Lower-Middle,Regular,Catalog,38,62.5,0.292,580.68,Regular Engagement,8.9
10368,1999,Graduation,Married,88460,0,2,19-12-2023,7,847,93,666,148,61,137,3,8,3,2,10,0,0,0,0,0,0,3,11,0,27,2,1952,16,122,0.5,0.125,0.188,0.188,0,32,64,2576.64,Upper-Middle,High Value,Web,28.2,48,0.396,748.29,Premium Upsell,8.5
10369,1985,Graduation,Married,90551,1,0,18-01-2022,23,693,141,645,89,78,77,7,14,6,13,18,0,0,0,0,0,0,3,11,0,41,1,1723,40,43.08,0.35,0.325,0.15,0.175,0,55,100,2670.65,Upper-Middle,Digitally Engaged,Web,28.2,100,0.454,352.91,Targeted Campaign,4.7
10370,1960,Graduation,Together,70223,2,0,01-05-2024,3,429,114,609,107,101,61,6,2,11,4,9,0,0,0,0,1,0,3,11,0,66,2,1421,23,61.78,0.087,0.174,0.478,0.261,1,28,50,1909.82,Middle,Regular,Catalog,26.8,68,0.519,328.72,Targeted Campaign,7
10371,1990,Master,Widow,88067,0,1,10-03-2026,91,441,134,530,17,116,195,4,9,2,7,16,0,0,0,0,0,0,3,11,0,36,1,1433,22,65.14,0.409,0.318,0.091,0.182,0,5,85,1504.65,Upper-Middle,At Risk,Web,82.2,46.5,0.28,384.95,Retention Offer,6.5
10372,1980,Master,Together,96762,0,0,29-01-2018,86,610,100,486,46,99,166,7,10,4,0,15,0,1,0,0,0,0,3,11,0,46,0,1507,21,71.76,0.476,0,0.19,0.333,1,103,91,3212.17,Upper-Middle,At Risk,Web,80,100,0.456,626.18,Retention Offer,6.7
10373,1971,Master,Single,65304,2,1,28-10-2022,28,618,81,510,97,102,30,6,13,0,11,20,0,0,0,0,0,0,3,11,0,55,3,1438,30,47.93,0.433,0.367,0,0.2,0,46,100,2099.48,Middle,Digitally Engaged,Web,29,83,0.444,574.51,Regular Engagement,8.8
10374,1986,Graduation,Together,31259,0,0,16-03-2025,81,683,105,329,122,20,29,4,14,1,7,8,0,0,0,0,0,0,3,11,0,40,0,1288,26,49.54,0.538,0.269,0.038,0.154,0,17,86,1506.96,Lower-Middle,At Risk,Web,86.8,60.5,0.303,528.97,Retention Offer,6.8
10375,1983,Graduation,Married,89589,0,0,01-07-2021,87,817,100,638,88,68,151,2,1,9,4,20,0,0,0,0,0,0,3,11,0,43,0,1862,16,116.38,0.062,0.25,0.562,0.125,0,62,71,3016.44,Upper-Middle,High Value,Catalog,73.2,63,0.254,680.98,Retention Offer,7.8
10376,1949,Graduation,Single,110839,0,1,21-10-2024,26,1042,137,634,142,90,208,5,0,8,0,11,0,0,1,0,0,0,3,11,0,77,1,2253,13,173.31,0,0,0.615,0.385,1,22,38,2886.09,Upper-Middle,High Value,Catalog,41,45,0.443,435.97,Premium Upsell,7
10377,1957,Basic,Single,29058,2,1,27-03-2018,33,430,89,235,84,59,35,3,12,4,14,3,0,0,0,0,0,0,3,11,0,69,3,932,33,28.24,0.364,0.424,0.121,0.091,0,101,68,1873.32,Low,Digitally Engaged,Store,58.2,100,0.354,176.78,Regular Engagement,7.5
10378,1982,Master,Divorced,99990,0,1,04-07-2021,22,756,86,487,219,39,138,4,3,6,2,7,0,0,1,0,0,0,3,11,0,44,1,1725,15,115,0.2,0.133,0.4,0.267,1,61,51,2916.11,Upper-Middle,Regular,Catalog,44,68.5,0.484,500.92,Targeted Campaign,8.2
10379,1967,Graduation,Married,72814,1,0,05-12-2022,45,723,99,263,172,23,126,0,14,8,11,15,0,0,0,0,0,0,3,11,1,59,1,1406,33,42.61,0.424,0.333,0.242,0,0,44,100,2024.64,Middle,Digitally Engaged,Web,41.2,88,0.41,387.67,Regular Engagement,8.3
10380,1963,Graduation,Together,83508,0,0,29-03-2024,2,755,126,307,173,95,86,6,5,8,11,15,0,0,1,0,0,0,3,11,0,63,0,1542,30,51.4,0.167,0.367,0.267,0.2,1,29,82,2088.64,Upper-Middle,Digitally Engaged,Store,17,82.5,0.601,310.22,Targeted Campaign,8.6
10381,1975,Graduation,Married,90444,0,1,06-06-2026,81,608,116,716,149,78,76,2,1,2,0,10,0,0,0,0,0,0,3,11,0,51,1,1743,5,348.6,0.2,0,0.4,0.4,0,2,41,1777.86,Upper-Middle,At Risk,Catalog,83.8,11,0.19,465.92,Retention Offer,5.4
10382,1954,Master,Single,33126,1,1,09-04-2022,62,590,68,293,51,0,62,5,4,5,1,14,1,0,0,1,0,0,3,11,1,72,2,1064,15,70.93,0.267,0.067,0.333,0.333,2,52,60,1779.01,Lower-Middle,Regular,Catalog,55.5,72,0.576,267.66,Targeted Campaign,7.9
10383,2000,Master,Married,73807,1,1,31-03-2019,99,719,113,495,167,60,46,1,8,3,7,8,1,0,0,0,0,0,3,11,0,26,2,1600,19,84.21,0.421,0.368,0.158,0.053,1,89,66,3175.2,Middle,At Risk,Web,100,90.5,0.367,614.49,Retention Offer,6.1
10384,1975,Master,Married,95736,0,0,20-09-2022,46,650,140,429,301,93,221,6,11,6,5,6,0,0,0,0,0,0,3,11,1,51,0,1834,28,65.5,0.393,0.179,0.214,0.214,0,47,70,2695.98,Upper-Middle,Champions,Web,55.5,79.5,0.333,454.86,Premium Upsell,8.5
10385,1945,Graduation,Single,107854,0,1,25-01-2020,60,926,129,496,137,140,150,3,5,2,4,15,0,0,0,1,0,0,3,11,1,81,1,1978,14,141.29,0.357,0.286,0.143,0.214,1,79,78,3717.65,Upper-Middle,Champions,Web,52.5,75.5,0.475,433.53,Targeted Campaign,7
10386,1970,Graduation,Together,91286,0,0,07-06-2019,89,642,108,600,193,87,59,0,11,3,11,20,0,0,1,0,1,0,3,11,0,56,0,1689,25,67.56,0.44,0.44,0.12,0,2,86,100,3455.69,Upper-Middle,At Risk,Web,74.8,100,0.622,550.58,Retention Offer,7.5
10387,1986,Graduation,Married,37029,0,0,30-08-2025,25,447,41,329,105,62,3,7,7,11,0,11,0,0,0,0,0,0,3,11,0,40,0,987,25,39.48,0.28,0,0.44,0.28,0,12,79,1105.44,Lower-Middle,Digitally Engaged,Catalog,40.2,56,0.397,375.47,Regular Engagement,8
10388,1977,Graduation,Single,71205,1,0,31-03-2022,40,560,84,672,0,70,123,3,4,4,9,17,1,0,0,0,0,0,3,11,1,49,1,1509,20,75.45,0.2,0.45,0.2,0.15,1,53,86,2424.21,Middle,Digitally Engaged,Store,34.5,74.5,0.535,583.1,Targeted Campaign,7.3
10389,1973,Master,Single,57611,1,2,21-02-2024,31,587,104,27,85,82,119,0,7,8,6,11,0,0,0,0,0,0,3,11,0,53,3,1004,21,47.81,0.333,0.286,0.381,0,0,30,78,1305.2,Middle,Digitally Engaged,Catalog,44.8,57,0.383,182.43,Regular Engagement,8.3
10390,1980,Graduation,Together,66978,0,0,08-07-2019,54,779,76,443,60,76,27,6,11,4,4,2,0,0,0,0,1,0,3,11,0,46,0,1461,25,58.44,0.44,0.16,0.16,0.24,1,85,64,2837.99,Middle,Regular,Web,75.5,100,0.452,416.45,Retention Offer,7
10391,1946,Graduation,Together,98492,1,0,26-06-2023,71,537,102,602,192,56,110,3,14,1,6,12,0,0,1,1,0,0,3,11,1,80,1,1599,24,66.62,0.583,0.25,0.042,0.125,2,38,98,2427.28,Upper-Middle,At Risk,Web,65.2,83,0.653,430.31,Retention Offer,8.3
10392,1972,Master,Single,23143,0,0,13-12-2024,49,494,65,160,0,11,68,0,12,8,8,6,0,0,0,0,0,0,3,11,0,54,0,798,28,28.5,0.429,0.286,0.286,0,0,20,82,957.6,Low,Digitally Engaged,Web,65.8,66,0.357,328.57,Retention Offer,7.9
10393,1967,Graduation,Together,80784,0,0,16-08-2018,98,646,42,577,173,68,161,1,1,10,13,4,0,0,0,0,0,0,3,11,0,59,0,1667,25,66.68,0.04,0.52,0.4,0.04,0,96,28,3267.32,Upper-Middle,At Risk,Store,100,98,0.124,506.08,Retention Offer,5.2
10394,1995,Master,Married,78498,0,1,23-03-2019,38,547,61,409,114,21,163,6,10,1,11,14,0,0,0,1,0,0,3,11,1,31,1,1315,28,46.96,0.357,0.393,0.036,0.214,1,89,84,2609.62,Middle,Digitally Engaged,Store,37.5,100,0.534,509.97,Targeted Campaign,8
10395,1977,Master,Together,35872,0,1,01-08-2024,35,252,62,298,75,67,64,6,12,5,12,14,0,0,0,0,0,0,3,11,0,49,1,818,35,23.37,0.343,0.343,0.143,0.171,0,25,100,1022.5,Lower-Middle,Digitally Engaged,Web,43.2,82.5,0.43,247.69,Regular Engagement,6.6
10396,1954,Master,Divorced,98972,0,1,02-07-2022,40,897,149,833,249,105,7,2,13,5,12,20,0,0,0,0,0,0,3,11,0,72,1,2240,32,70,0.406,0.375,0.156,0.062,0,50,100,3360,Upper-Middle,High Value,Web,38,89,0.42,612.41,Premium Upsell,8.5
10397,1992,PhD,Single,47449,0,1,22-07-2021,38,467,62,166,218,17,54,4,5,3,0,15,0,0,1,0,0,0,3,11,0,34,1,984,12,82,0.417,0,0.25,0.333,1,61,73,1663.45,Lower-Middle,Digitally Engaged,Web,44,62.5,0.506,331.32,Targeted Campaign,7.5
10398,1961,Master,Married,66419,0,0,10-11-2024,50,668,119,493,73,105,102,4,3,3,0,4,0,0,0,1,0,0,3,11,0,65,0,1560,10,156,0.3,0,0.3,0.4,1,21,29,1981.98,Middle,Regular,Web,69.5,38.5,0.373,351.17,Retention Offer,7.6
10399,2000,Master,Together,8000,2,0,08-08-2020,49,402,52,94,0,18,7,4,2,4,9,19,0,0,0,0,0,0,3,11,0,26,2,573,19,30.16,0.105,0.474,0.211,0.211,0,72,82,985.56,Low,Digitally Engaged,Store,46.2,74,0.357,116.19,Regular Engagement,7.6
10400,1964,Master,Widow,98773,2,0,28-10-2025,95,1055,102,353,163,138,156,6,2,9,1,7,0,0,0,0,0,0,3,11,0,62,2,1967,18,109.28,0.111,0.056,0.5,0.333,0,10,29,2163.7,Upper-Middle,High Value,Catalog,98.8,41,0.132,708.16,Retention Offer,5.7
10401,1992,Master,Together,56579,1,1,15-12-2024,50,846,82,445,185,57,78,2,2,9,3,7,0,0,0,0,0,0,3,11,0,34,2,1693,16,105.81,0.125,0.188,0.562,0.125,0,20,30,2031.6,Middle,Regular,Catalog,65,42,0.225,328.75,Regular Engagement,6.9
10402,1988,PhD,Married,55572,0,0,25-04-2023,98,739,73,1,69,128,15,7,10,1,4,9,0,0,0,0,0,0,3,11,1,38,0,1025,22,46.59,0.455,0.182,0.045,0.318,0,40,75,1435,Middle,At Risk,Web,90,64,0.242,293.34,Retention Offer,7.2
10403,1985,Graduation,Widow,109056,0,0,30-12-2025,36,1004,107,650,207,80,21,7,9,11,4,1,0,0,0,0,0,0,3,11,0,41,0,2069,31,66.74,0.29,0.129,0.355,0.226,0,8,45,2234.52,Upper-Middle,High Value,Catalog,63.5,66,0.29,693.52,Premium Upsell,7
10404,1981,Graduation,Single,8000,1,0,15-08-2021,38,749,34,0,30,58,0,3,0,9,5,1,0,0,0,0,0,0,3,11,0,45,1,871,17,51.24,0,0.294,0.529,0.176,0,60,17,1393.6,Low,Regular,Catalog,65,64,0.216,192.78,Regular Engagement,6.7
10405,1946,Graduation,Married,91258,0,1,24-08-2018,9,822,71,497,74,153,75,5,5,11,2,19,0,0,0,0,0,0,3,11,0,80,1,1692,23,73.57,0.217,0.087,0.478,0.217,0,96,91,3316.32,Upper-Middle,Digitally Engaged,Catalog,16.2,94,0.46,547.32,Targeted Campaign,7.3
10406,1956,PhD,Together,96882,0,0,06-02-2022,65,899,136,416,179,104,151,1,11,9,13,19,0,0,0,0,0,0,3,11,0,70,0,1885,34,55.44,0.324,0.382,0.265,0.029,0,54,100,2902.9,Upper-Middle,High Value,Store,58.2,95,0.37,501.38,Premium Upsell,5.6
10407,1993,Graduation,Married,8000,0,0,05-05-2026,67,459,30,312,0,0,67,1,9,0,3,17,1,0,0,0,0,1,3,11,0,33,0,868,13,66.77,0.692,0.231,0,0.077,1,3,91,938.74,Low,Digitally Engaged,Web,77.8,35.5,0.393,217.97,Retention Offer,1.9
10408,1986,PhD,Married,73003,0,0,02-10-2025,82,546,57,457,74,84,156,1,14,8,10,8,0,0,0,0,0,0,3,11,0,40,0,1374,33,41.64,0.424,0.303,0.242,0.03,0,10,96,1511.4,Middle,At Risk,Web,87.5,71,0.326,487.99,Retention Offer,6.3
10409,1970,Graduation,Married,53554,0,0,28-11-2023,27,582,43,418,120,63,29,6,1,8,14,10,0,0,0,0,1,0,3,11,1,56,0,1255,29,43.28,0.034,0.483,0.276,0.207,1,33,47,1752.61,Middle,Regular,Store,35.2,82.5,0.464,293.23,Targeted Campaign,6.9
10410,1988,PhD,Single,33343,1,0,04-02-2025,6,500,64,48,35,9,116,1,0,3,12,13,0,0,0,0,0,0,3,11,0,38,1,772,16,48.25,0,0.75,0.188,0.062,0,18,50,910.96,Lower-Middle,Regular,Store,23,41,0.363,287.92,Regular Engagement,8.3
10411,1981,Graduation,Married,26091,0,0,09-08-2021,17,476,58,434,86,89,51,5,9,4,5,17,0,0,0,0,0,0,3,11,0,45,0,1194,23,51.91,0.391,0.217,0.174,0.217,0,60,100,1910.4,Low,Digitally Engaged,Web,25.2,76,0.466,458.41,Targeted Campaign,8.4
10412,1988,Graduation,Single,86927,1,2,01-05-2022,56,766,84,380,145,49,56,2,6,6,1,8,0,0,0,0,0,0,3,11,0,38,3,1480,15,98.67,0.4,0.067,0.4,0.133,0,52,64,2249.6,Upper-Middle,Regular,Web,68,56,0.298,451.44,Retention Offer,5.9
10413,1974,Master,Together,100405,1,1,15-07-2025,92,782,62,758,183,110,173,0,3,6,8,2,1,0,0,0,0,0,3,11,0,52,2,2068,17,121.65,0.176,0.471,0.353,0,1,13,34,2453.68,Upper-Middle,High Value,Store,100,48.5,0.301,846.71,Retention Offer,6
10414,1949,Graduation,Divorced,31165,1,0,30-10-2025,89,596,66,108,84,80,105,1,10,3,10,16,1,0,0,0,0,0,3,11,0,77,1,1039,24,43.29,0.417,0.417,0.125,0.042,1,10,100,1200.04,Lower-Middle,At Risk,Web,80.8,61,0.472,258.82,Retention Offer,6.7
10415,1967,Graduation,Single,36468,0,1,25-06-2025,9,282,27,467,209,86,132,7,13,4,8,15,0,0,1,0,0,0,3,11,0,59,1,1203,32,37.59,0.406,0.25,0.125,0.219,1,14,100,1439.99,Lower-Middle,Digitally Engaged,Web,22.2,79,0.632,404.55,Targeted Campaign,6.6
10416,1956,Graduation,Divorced,89953,0,0,31-05-2020,60,827,106,646,219,115,66,6,7,3,6,15,0,0,0,0,0,0,3,11,0,70,0,1979,22,89.95,0.318,0.273,0.136,0.273,0,75,92,3463.25,Upper-Middle,High Value,Web,60.5,81.5,0.36,737.84,Premium Upsell,9.4
10417,1993,Graduation,Single,138282,1,0,20-11-2021,82,841,65,885,226,181,102,5,10,2,14,17,0,0,0,0,0,0,3,11,0,33,1,2300,31,74.19,0.323,0.452,0.065,0.161,0,57,96,3611,High,High Value,Store,74,90.5,0.326,490.89,Retention Offer,6.9
10418,1995,Master,Single,17994,0,1,11-09-2018,61,25,75,54,96,0,109,4,9,7,7,16,0,0,0,0,0,0,3,11,0,31,1,359,27,13.3,0.333,0.259,0.259,0.148,0,95,87,700.05,Low,Digitally Engaged,Web,59.8,100,0.346,92.21,Regular Engagement,7.3
10419,1956,Graduation,Married,20859,0,1,23-03-2024,18,145,60,164,77,0,0,4,7,1,13,20,0,0,0,0,0,0,3,11,0,70,1,446,25,17.84,0.28,0.52,0.04,0.16,0,29,91,575.34,Low,Digitally Engaged,Store,21.5,64.5,0.442,91.21,Regular Engagement,9.2
10420,1994,Master,Married,32061,1,0,26-04-2026,56,455,43,278,65,68,63,1,1,2,2,7,0,1,0,0,0,0,3,11,1,32,1,972,6,162,0.167,0.333,0.333,0.167,1,4,28,1061.42,Lower-Middle,Regular,Catalog,61.5,22,0.358,389.73,Regular Engagement,9
10421,1963,Graduation,Divorced,32530,2,0,07-07-2024,65,592,39,381,95,56,154,1,12,6,5,9,0,0,0,0,0,0,3,11,0,63,2,1317,24,54.88,0.5,0.208,0.25,0.042,0,25,85,1646.25,Lower-Middle,Digitally Engaged,Web,73.2,60.5,0.332,294.04,Retention Offer,7.4
10422,1956,Graduation,Married,100476,1,0,10-04-2025,36,700,85,859,187,104,102,2,1,10,4,7,0,0,0,1,0,0,3,11,0,70,1,2037,17,119.82,0.059,0.235,0.588,0.118,1,16,33,2481.07,Upper-Middle,High Value,Catalog,54.5,50,0.411,693.35,Premium Upsell,8.1
10423,1960,PhD,Single,33834,0,0,11-09-2020,22,453,73,251,54,25,42,3,7,5,15,5,0,0,1,0,0,0,3,11,0,66,0,898,30,29.93,0.233,0.5,0.167,0.1,1,71,53,1612.36,Lower-Middle,Regular,Store,47,100,0.489,175.1,Targeted Campaign,8.5
10424,1975,PhD,Single,133405,1,2,07-11-2022,24,1035,117,684,169,102,156,2,5,8,9,20,0,0,0,0,0,0,3,11,0,51,3,2263,24,94.29,0.208,0.375,0.333,0.083,0,45,92,3281.35,High,High Value,Store,26,70.5,0.432,657.91,Premium Upsell,7
10425,1958,Graduation,Together,79295,1,0,20-07-2022,70,627,129,409,167,128,137,0,13,10,10,14,0,0,0,0,0,0,3,11,0,68,1,1597,33,48.39,0.394,0.303,0.303,0,0,49,100,2379.53,Middle,Digitally Engaged,Web,69.5,90.5,0.36,574.28,Retention Offer,6.7
10426,1959,Master,Married,96383,0,1,30-04-2018,64,878,84,725,128,119,201,3,4,4,2,2,0,0,0,0,0,0,3,11,0,67,1,2135,13,164.23,0.308,0.154,0.308,0.231,0,100,28,4270,Upper-Middle,High Value,Web,83,76,0.192,683.33,Retention Offer,6.2
10427,1984,Basic,Married,84442,0,0,26-08-2025,69,972,114,385,101,163,77,3,11,10,1,15,0,0,0,0,0,0,3,11,0,42,0,1812,25,72.48,0.44,0.04,0.4,0.12,0,12,98,2029.44,Upper-Middle,High Value,Web,67.2,56,0.357,663.66,Retention Offer,6.3
10428,1968,Graduation,Single,33474,0,0,24-09-2023,54,680,97,163,30,24,60,4,5,3,3,7,0,0,1,0,0,0,3,11,0,58,0,1054,15,70.27,0.333,0.2,0.2,0.267,1,35,55,1494.04,Lower-Middle,Regular,Web,68,55.5,0.43,414.69,Retention Offer,7.3
10429,1984,Graduation,Married,22329,1,2,04-07-2018,88,287,33,347,85,53,83,2,0,11,12,16,0,0,0,0,0,1,3,11,0,42,3,888,25,35.52,0,0.48,0.44,0.08,0,97,54,1749.36,Low,At Risk,Store,95,98.5,0.109,167.87,Retention Offer,1
10430,1946,Graduation,Married,94248,0,1,25-07-2023,76,571,112,482,133,135,160,7,2,2,3,20,0,0,0,0,0,0,3,11,0,80,1,1593,14,113.79,0.143,0.214,0.143,0.5,0,37,81,2182.41,Upper-Middle,At Risk,Store,65,46.5,0.3,467.95,Regular Engagement,6.6
10431,1950,Graduation,Single,102708,0,1,26-10-2020,15,1151,72,859,136,112,146,6,12,2,10,3,0,0,1,0,0,0,3,11,0,76,1,2476,30,82.53,0.4,0.333,0.067,0.2,1,70,66,4419.66,Upper-Middle,High Value,Web,44.8,100,0.535,680.82,Targeted Campaign,8.2
10432,1960,Master,Married,78559,1,2,07-04-2019,15,904,22,477,195,54,95,4,0,7,10,1,0,0,0,0,0,0,3,11,0,66,3,1747,21,83.19,0,0.476,0.333,0.19,0,88,13,3284.36,Middle,Regular,Store,47.8,86,0.252,556.13,Regular Engagement,7.9
10433,1965,Graduation,Married,65444,1,0,18-04-2025,27,889,84,79,0,22,143,3,6,9,5,7,0,0,0,0,0,0,3,11,0,61,1,1217,23,52.91,0.261,0.217,0.391,0.13,0,16,45,1411.72,Middle,Regular,Catalog,47.8,54,0.308,300.37,Regular Engagement,6.1
10434,1960,PhD,Married,68441,2,1,22-11-2019,83,700,83,354,27,100,105,1,4,10,0,16,0,0,0,0,0,0,3,11,0,66,3,1369,15,91.27,0.267,0,0.667,0.067,0,81,76,2477.89,Middle,At Risk,Catalog,76.2,70.5,0.274,318.23,Retention Offer,6.4
10435,1967,Graduation,Married,72249,0,0,09-09-2022,93,557,95,164,154,68,68,7,8,4,13,20,0,0,0,1,1,0,3,11,1,59,0,1106,32,34.56,0.25,0.406,0.125,0.219,2,47,100,1788.4,Middle,At Risk,Store,69.8,100,0.614,444.32,Retention Offer,8.3
10436,1996,Master,Married,23720,1,0,19-05-2020,18,560,14,211,58,16,34,3,11,11,11,5,0,0,0,0,0,1,3,11,0,30,1,893,36,24.81,0.306,0.306,0.306,0.083,0,75,70,1562.75,Low,Digitally Engaged,Web,59,100,0.289,195.29,Regular Engagement,4.9
10437,1970,Graduation,Married,67305,1,0,07-12-2023,94,447,83,360,131,92,51,5,12,3,2,6,0,0,0,0,0,0,3,11,0,56,1,1164,22,52.91,0.545,0.091,0.136,0.227,0,32,72,1536.48,Middle,At Risk,Web,99.5,60,0.242,263.2,Retention Offer,6.2
10438,1977,Master,Married,65495,0,0,27-10-2025,8,586,32,367,163,50,20,1,11,3,0,10,0,0,0,0,0,0,3,11,0,49,0,1218,15,81.2,0.733,0,0.2,0.067,0,10,83,1339.8,Middle,Digitally Engaged,Web,29,35,0.442,305.42,Regular Engagement,6.5
10439,1989,Graduation,Together,10533,1,0,03-02-2024,76,469,22,0,0,73,6,7,0,2,3,6,1,0,0,0,0,0,3,11,0,37,1,570,12,47.5,0,0.25,0.167,0.583,1,30,19,778.05,Low,At Risk,Store,86,47,0.296,230.17,Retention Offer,6.5
10440,1954,Graduation,Married,8000,1,0,14-08-2018,58,398,73,247,55,1,29,7,13,3,5,1,0,0,1,0,0,0,3,11,0,72,1,803,28,28.68,0.464,0.179,0.107,0.25,1,96,61,1652.57,Low,Regular,Web,80,100,0.437,189.21,Retention Offer,5.5
10441,1953,Master,Married,57424,2,0,08-08-2018,19,447,28,196,120,71,121,0,10,1,1,6,0,0,0,0,0,0,3,11,0,73,2,983,12,81.92,0.833,0.083,0.083,0,0,96,63,1926.68,Middle,Regular,Web,43.2,72,0.37,299.76,Regular Engagement,7.8
10442,1968,PhD,Single,8000,0,1,07-09-2018,63,455,58,493,0,48,0,6,7,0,15,9,0,0,0,0,0,0,3,11,0,58,1,1054,28,37.64,0.25,0.536,0,0.214,0,95,70,2055.3,Low,Digitally Engaged,Store,71.8,100,0.299,394.7,Retention Offer,6.1
10443,1979,Master,Single,8000,0,1,27-04-2020,1,311,0,398,0,63,109,6,6,8,11,15,0,0,0,0,0,0,3,11,0,47,1,881,31,28.42,0.194,0.355,0.258,0.194,0,76,72,1550.56,Low,Digitally Engaged,Store,16.2,100,0.428,281.73,Regular Engagement,8.2
10444,1972,Basic,Together,11749,0,0,15-04-2020,47,503,49,0,54,101,0,5,3,9,9,1,0,0,1,0,0,1,3,11,1,54,0,707,26,27.19,0.115,0.346,0.346,0.192,1,76,30,1306.54,Low,Regular,Catalog,78.8,98,0.281,278.45,Retention Offer,3.1
10445,1951,Basic,Married,71111,0,1,15-12-2023,24,610,49,472,171,40,56,1,9,2,10,13,0,0,0,0,0,0,3,11,1,75,1,1398,22,63.55,0.409,0.455,0.091,0.045,0,32,79,1845.36,Middle,Digitally Engaged,Store,28.5,60,0.399,394.92,Regular Engagement,8.9
10446,1980,Graduation,Together,63755,1,1,23-11-2021,13,607,39,366,171,15,96,5,14,4,1,14,0,0,0,0,0,0,3,11,0,46,2,1294,24,53.92,0.583,0.042,0.167,0.208,0,57,100,2031.58,Middle,Digitally Engaged,Web,26.8,76.5,0.474,349.31,Targeted Campaign,7.8
10447,1996,Graduation,Single,67576,0,0,18-03-2021,31,461,24,541,137,97,157,0,13,5,15,2,0,0,0,0,0,0,3,11,0,30,0,1417,33,42.94,0.394,0.455,0.152,0,0,65,66,2338.05,Middle,Digitally Engaged,Store,58.2,98.5,0.353,285.49,Regular Engagement,6.4
10448,1974,Graduation,Single,117647,0,2,19-04-2021,43,1215,121,625,200,114,83,6,11,11,7,3,0,0,0,0,0,1,3,11,0,52,2,2358,35,67.37,0.314,0.2,0.314,0.171,0,64,68,3867.12,Upper-Middle,High Value,Web,80.8,100,0.234,828.04,Retention Offer,4.3
10449,1995,PhD,Divorced,81282,1,1,10-05-2026,77,989,35,519,129,68,138,3,11,10,11,11,0,0,0,0,0,0,3,11,0,31,2,1878,35,53.66,0.314,0.314,0.286,0.086,0,3,82,1934.34,Upper-Middle,High Value,Web,79.2,71.5,0.301,396.76,Retention Offer,5.6
10450,1968,Graduation,Married,112938,0,0,10-02-2021,85,709,112,433,113,81,276,6,4,3,8,12,0,0,0,0,0,0,3,11,0,58,0,1724,21,82.1,0.19,0.381,0.143,0.286,0,66,70,2861.84,Upper-Middle,At Risk,Store,83.8,75,0.255,529.17,Retention Offer,7.2
10451,1967,Graduation,Single,71049,1,0,15-08-2019,42,575,72,207,84,119,117,2,11,10,2,2,0,0,0,1,0,0,3,11,0,59,1,1174,25,46.96,0.44,0.08,0.4,0.08,1,84,64,2268.17,Middle,Regular,Web,66.5,100,0.476,398.36,Retention Offer,6
10452,1962,Graduation,Divorced,98255,0,2,08-05-2023,4,1008,38,254,79,147,90,1,1,9,6,13,0,1,0,0,0,0,3,11,0,64,2,1616,17,95.06,0.059,0.353,0.529,0.059,1,39,46,2358.55,Upper-Middle,Regular,Catalog,21.5,61.5,0.507,517.25,Targeted Campaign,6.3
10453,1974,Graduation,Divorced,113762,0,1,28-05-2022,30,657,96,746,237,162,129,5,7,10,1,15,0,0,0,0,0,0,3,11,0,52,1,2027,23,88.13,0.304,0.043,0.435,0.217,0,51,87,3060.77,Upper-Middle,High Value,Catalog,38,71.5,0.408,763.7,Premium Upsell,7
10454,1977,Graduation,Married,126736,0,0,07-12-2020,23,1107,85,721,201,138,179,6,6,11,4,20,0,0,0,0,0,0,3,11,0,49,0,2431,27,90.04,0.222,0.148,0.407,0.222,0,68,100,4084.08,High,High Value,Catalog,25.2,88,0.454,570.62,Targeted Campaign,8.4
10455,1950,Graduation,Married,58343,1,1,26-11-2018,16,748,81,459,42,145,19,1,3,7,4,6,0,0,0,0,0,0,3,11,0,76,2,1494,15,99.6,0.2,0.267,0.467,0.067,0,93,35,2883.42,Middle,Regular,Catalog,41,76.5,0.306,366.75,Regular Engagement,7
10456,1999,Graduation,Single,27812,0,0,22-10-2022,30,375,53,231,116,36,22,7,11,10,6,11,0,0,0,0,0,0,3,11,0,27,0,833,34,24.5,0.324,0.176,0.294,0.206,0,46,86,1216.18,Low,Digitally Engaged,Web,44,91,0.405,319.57,Regular Engagement,7.9
10457,1953,Master,Married,66895,0,0,29-09-2023,32,837,118,438,122,137,88,2,6,0,1,17,0,0,0,0,0,0,3,11,0,73,0,1740,9,193.33,0.667,0.111,0,0.222,0,35,94,2349,Middle,Digitally Engaged,Web,36.5,35.5,0.421,595.58,Regular Engagement,6.6
10458,1975,PhD,Together,107161,0,1,10-05-2022,7,898,112,445,185,59,98,5,1,9,5,14,0,0,0,0,0,1,3,11,0,51,1,1797,20,89.85,0.05,0.25,0.45,0.25,0,51,47,2713.47,Upper-Middle,High Value,Catalog,37.2,65.5,0.253,395.02,Premium Upsell,4.4
10459,1962,Graduation,Single,114045,0,0,30-06-2022,55,893,111,684,253,102,169,4,2,0,12,16,0,0,0,0,0,0,3,11,0,64,0,2212,18,122.89,0.111,0.667,0,0.222,0,50,68,3318,Upper-Middle,High Value,Store,55.2,61,0.31,695.85,Premium Upsell,8.1
10460,1994,Graduation,Together,69041,0,1,21-04-2021,68,704,90,258,184,65,134,3,4,3,3,12,1,0,0,0,0,0,3,11,0,32,1,1435,13,110.38,0.308,0.231,0.231,0.231,1,64,65,2471.07,Middle,Regular,Web,71,66,0.427,323.18,Retention Offer,7.2
10461,1981,Master,Widow,76644,1,0,21-10-2020,11,730,91,396,87,1,147,1,14,0,8,17,0,0,0,0,1,0,3,11,0,45,1,1452,23,63.13,0.609,0.348,0,0.043,1,70,100,2591.82,Middle,Digitally Engaged,Web,20.8,89,0.628,533.02,Targeted Campaign,6.6
10462,1945,Graduation,Together,114502,0,0,23-07-2019,50,664,102,575,214,189,247,3,12,2,2,4,0,0,0,0,0,0,3,11,0,81,0,1991,19,104.79,0.632,0.105,0.105,0.158,0,85,75,3683.35,Upper-Middle,High Value,Web,69.5,80.5,0.338,683.39,Retention Offer,6.7
10463,1946,Basic,Single,70542,1,0,24-07-2023,54,670,95,348,188,97,128,5,13,6,3,5,0,0,0,0,0,0,3,11,0,80,1,1526,27,56.52,0.481,0.111,0.222,0.185,0,37,83,2090.62,Middle,Digitally Engaged,Web,71,72.5,0.35,514.71,Retention Offer,6.9
10464,1956,Basic,Single,86027,0,0,25-02-2019,54,695,96,352,230,103,113,3,6,4,2,13,0,0,0,0,0,0,3,11,0,70,0,1589,15,105.93,0.4,0.133,0.267,0.2,0,90,73,3019.1,Upper-Middle,Digitally Engaged,Web,59,75,0.324,628.72,Regular Engagement,5.8
10465,1990,PhD,Single,93855,1,2,18-10-2025,16,722,109,568,120,110,99,4,1,2,7,10,0,0,0,0,0,0,3,11,0,36,3,1728,14,123.43,0.071,0.5,0.143,0.286,0,10,47,1900.8,Upper-Middle,Regular,Store,35,33,0.336,428.65,Regular Engagement,5.7
10466,1993,Master,Married,58161,0,1,24-06-2020,48,675,34,390,132,87,87,0,11,2,8,7,0,0,0,0,1,0,3,11,1,33,1,1405,21,66.9,0.524,0.381,0.095,0,1,74,69,2566.94,Middle,Digitally Engaged,Web,55.5,87,0.476,434.97,Targeted Campaign,7.9
10467,1975,Graduation,Single,38583,0,1,24-05-2026,13,441,54,292,9,119,41,6,12,0,10,11,0,0,0,1,0,0,3,11,1,51,1,956,28,34.14,0.429,0.357,0,0.214,1,3,89,1033.91,Lower-Middle,Digitally Engaged,Web,23.2,65.5,0.596,396.1,Targeted Campaign,8.5
10468,1976,Graduation,Married,141775,1,1,23-07-2025,55,1025,152,729,248,199,225,4,10,11,8,5,0,0,0,0,0,0,3,11,0,50,2,2578,33,78.12,0.303,0.242,0.333,0.121,0,13,71,2913.14,High,High Value,Catalog,71.8,72.5,0.318,1035.02,Retention Offer,6.6
10469,1981,PhD,Single,46867,0,1,17-09-2020,10,651,80,360,57,52,200,3,3,0,14,3,0,0,0,0,0,0,3,11,0,45,1,1400,20,70,0.15,0.7,0,0.15,0,71,36,2394,Lower-Middle,Regular,Store,41,75.5,0.32,434.08,Regular Engagement,9
10470,1972,Graduation,Married,31935,2,0,05-05-2026,61,340,72,212,24,54,54,7,10,8,13,10,0,0,0,1,0,0,3,11,1,54,2,756,38,19.89,0.263,0.342,0.211,0.184,1,3,86,817.61,Lower-Middle,Digitally Engaged,Store,60.8,85.5,0.493,223.81,Targeted Campaign,8.8
10471,1973,Graduation,Together,57021,0,1,20-08-2018,48,571,89,72,145,71,150,5,2,7,2,1,0,0,0,1,1,0,3,11,0,53,1,1098,16,68.62,0.125,0.125,0.438,0.312,2,96,22,2367.29,Middle,Regular,Catalog,72.5,96,0.509,253.9,Retention Offer,8.4
10472,1965,Master,Married,69939,1,0,24-11-2018,5,486,89,471,60,102,117,3,2,10,7,16,0,0,0,0,0,0,3,11,1,61,1,1325,22,60.23,0.091,0.318,0.455,0.136,0,93,70,2557.25,Middle,Digitally Engaged,Catalog,9.8,90.5,0.415,476.03,Regular Engagement,9.7
10473,1972,Master,Single,74121,2,1,22-12-2019,11,625,111,146,242,83,59,7,11,6,0,3,0,0,0,0,0,0,3,11,0,54,3,1266,24,52.75,0.458,0,0.25,0.292,0,80,55,2278.8,Middle,Regular,Web,41.8,88,0.366,262.15,Regular Engagement,6.5
10474,1961,Basic,Together,54891,0,0,23-10-2025,66,718,42,468,134,82,149,6,6,0,1,15,0,0,1,0,0,0,3,11,0,65,0,1593,13,122.54,0.462,0.077,0,0.462,1,10,86,1839.92,Middle,Digitally Engaged,Web,65,39,0.483,504.85,Targeted Campaign,4.6
10475,1986,Graduation,Divorced,80579,1,0,17-05-2026,60,782,107,505,192,125,121,0,2,5,13,16,0,1,0,0,0,0,3,11,0,40,1,1832,20,91.6,0.1,0.65,0.25,0,1,3,63,1981.31,Upper-Middle,High Value,Store,59,49.5,0.438,629.97,Premium Upsell,6.7
10476,1983,Graduation,Divorced,118376,1,0,23-07-2020,86,565,117,467,131,160,141,6,12,7,1,20,0,0,0,0,1,0,3,11,0,43,1,1581,26,60.81,0.462,0.038,0.269,0.231,1,73,100,2871.89,Upper-Middle,At Risk,Web,72.5,96.5,0.478,295.36,Retention Offer,7.4
10477,1985,PhD,Widow,54740,0,0,17-04-2024,76,410,59,237,103,85,67,3,13,6,7,12,0,0,0,0,0,0,3,11,0,41,0,961,29,33.14,0.448,0.241,0.207,0.103,0,28,100,1230.08,Middle,At Risk,Web,77,72,0.348,217.13,Retention Offer,7.2
10478,1965,Graduation,Divorced,66350,1,1,04-12-2019,19,696,81,355,297,71,32,7,0,3,7,2,0,0,1,0,0,0,3,11,1,61,2,1532,17,90.12,0,0.412,0.176,0.412,1,80,18,2895.48,Middle,Regular,Store,41.2,82,0.407,639.19,Regular Engagement,8.4
10479,1967,Graduation,Together,108441,1,0,11-01-2020,32,347,111,719,133,111,150,6,10,1,14,13,0,0,0,0,0,0,3,11,1,59,1,1571,31,50.68,0.323,0.452,0.032,0.194,0,79,90,2812.09,Upper-Middle,Digitally Engaged,Store,34.5,100,0.411,559.25,Regular Engagement,8.9
10480,1969,Master,Single,33697,1,1,18-10-2018,21,391,17,434,117,55,107,2,6,2,0,5,0,0,0,0,0,0,3,11,0,57,2,1121,10,112.1,0.6,0,0.2,0.2,0,94,52,2174.74,Lower-Middle,Regular,Web,46.2,67,0.338,376.47,Regular Engagement,6.8
10481,1978,PhD,Widow,27845,1,0,18-05-2021,98,240,22,531,148,72,65,4,6,8,5,16,0,1,0,0,0,0,3,11,0,48,1,1078,23,46.87,0.261,0.217,0.348,0.174,1,63,80,1845,Low,At Risk,Catalog,87.5,85.5,0.404,288.7,Retention Offer,6.6
10482,1988,Master,Single,43365,0,0,25-08-2019,7,506,87,435,163,66,10,3,1,3,2,4,0,0,0,0,0,0,3,11,0,38,0,1267,9,140.78,0.111,0.222,0.333,0.333,0,84,30,2331.28,Lower-Middle,Regular,Catalog,37.2,60,0.311,482.49,Regular Engagement,9.1
10483,1945,Graduation,Married,61519,0,0,15-08-2021,86,206,48,248,184,124,23,2,6,7,3,9,0,0,1,0,0,0,3,11,0,81,0,833,18,46.28,0.333,0.167,0.389,0.111,1,60,55,1399.44,Middle,At Risk,Catalog,89,74,0.366,245.33,Retention Offer,6.9
10484,1997,Graduation,Divorced,92951,0,0,19-12-2018,12,678,120,376,165,95,275,5,10,1,1,4,0,0,0,0,0,0,3,11,0,29,0,1709,17,100.53,0.588,0.059,0.059,0.294,0,92,67,3281.28,Upper-Middle,Digitally Engaged,Web,41,80,0.394,706.27,Regular Engagement,8.4
10485,1993,Graduation,Widow,13982,1,0,12-12-2025,94,347,61,507,44,2,27,3,6,5,0,7,0,0,1,0,0,0,3,11,0,33,1,988,14,70.57,0.429,0,0.357,0.214,1,8,55,1120.39,Low,At Risk,Web,98,40,0.35,407.34,Retention Offer,5.5
10486,2000,Master,Married,44022,0,0,13-07-2020,22,188,75,547,37,91,62,0,4,9,5,1,0,0,1,0,0,0,3,11,1,26,0,1000,18,55.56,0.222,0.278,0.5,0,1,73,24,1816.5,Lower-Middle,Regular,Catalog,45,80.5,0.416,334.06,Regular Engagement,8.9
10487,1960,Graduation,Divorced,30225,1,0,07-08-2019,82,531,56,307,158,0,120,6,8,2,8,2,0,0,0,0,1,0,3,11,0,66,1,1172,24,48.83,0.333,0.333,0.083,0.25,1,84,41,2264.3,Lower-Middle,At Risk,Web,96.5,98,0.338,470.85,Retention Offer,6.1
10488,1972,PhD,Single,15430,0,0,12-04-2026,35,434,83,453,133,69,57,6,10,3,10,1,0,0,0,1,0,0,3,11,1,54,0,1229,29,42.38,0.345,0.345,0.103,0.207,1,4,47,1342.07,Low,Regular,Web,54.8,68,0.448,360.67,Regular Engagement,8.2
10489,1975,PhD,Single,24807,1,0,07-03-2021,33,542,62,59,44,41,90,4,12,8,12,13,0,0,0,0,0,0,3,11,0,51,1,838,36,23.28,0.333,0.333,0.222,0.111,0,65,100,1382.7,Low,Digitally Engaged,Web,43.2,100,0.434,190.98,Regular Engagement,7.1
10490,1952,Master,Single,88324,1,0,17-09-2025,35,528,127,792,107,77,47,1,8,3,1,9,0,0,0,0,0,0,3,11,1,74,1,1678,13,129.08,0.615,0.077,0.231,0.077,0,11,64,1862.58,Upper-Middle,Regular,Web,42.8,31.5,0.34,316.11,Regular Engagement,8.4
10491,1965,Graduation,Together,68137,1,0,07-01-2025,27,674,105,506,124,57,123,0,2,8,5,13,0,0,0,1,0,0,3,11,1,61,1,1589,15,105.93,0.133,0.333,0.533,0,1,19,60,1985.46,Middle,Regular,Catalog,30.8,47.5,0.496,435.81,Targeted Campaign,8.5
10492,1946,PhD,Single,69894,2,0,14-10-2024,8,612,74,504,142,21,169,4,7,0,9,11,0,0,0,0,0,0,3,11,0,80,2,1522,20,76.1,0.35,0.45,0,0.2,0,22,79,1856.84,Middle,Digitally Engaged,Store,27.5,51,0.432,282.87,Regular Engagement,7.1
10493,1951,Master,Married,84239,0,1,14-09-2021,25,844,81,439,122,20,177,2,7,7,14,15,0,0,0,0,0,0,3,11,0,75,1,1683,30,56.1,0.233,0.467,0.233,0.067,0,59,81,2675.97,Upper-Middle,Digitally Engaged,Store,34.2,89.5,0.402,539.37,Regular Engagement,6.9
10494,1972,Master,Married,78652,1,0,05-06-2024,79,787,83,220,191,73,24,1,1,8,1,11,0,0,0,0,0,0,3,11,0,54,1,1378,11,125.27,0.091,0.091,0.727,0.091,0,26,56,1736.28,Middle,At Risk,Catalog,80.8,35,0.232,316.64,Retention Offer,6.7
10495,1962,Graduation,Married,78378,2,1,03-07-2020,95,573,100,524,104,110,161,6,0,1,11,17,0,1,1,0,0,0,3,11,0,64,3,1572,18,87.33,0,0.611,0.056,0.333,2,73,69,2991.52,Middle,At Risk,Store,83.8,88.5,0.532,569.24,Retention Offer,6.9
10496,1949,Master,Together,124573,0,0,06-01-2022,41,911,86,988,214,94,164,3,3,10,13,4,0,0,0,0,0,0,3,11,0,77,0,2457,29,84.72,0.103,0.448,0.345,0.103,0,55,26,3808.35,High,High Value,Store,62.8,85.5,0.233,673.14,Premium Upsell,8
10497,1991,Master,Married,85948,0,1,21-10-2019,82,819,42,457,108,131,151,1,9,11,8,11,0,0,0,0,0,0,3,11,0,35,1,1708,29,58.9,0.31,0.276,0.379,0.034,0,82,86,3108.56,Upper-Middle,At Risk,Catalog,83,99,0.301,660.47,Retention Offer,8
10498,1951,Graduation,Married,8000,0,1,07-06-2020,60,310,33,78,30,0,57,7,11,3,6,12,0,0,0,0,0,0,3,11,0,75,1,508,27,18.81,0.407,0.222,0.111,0.259,0,74,90,883.92,Low,Digitally Engaged,Web,65,91,0.355,108.53,Regular Engagement,5.4
10499,1957,Graduation,Single,82802,0,1,01-10-2023,37,833,45,438,112,109,145,2,12,11,15,6,0,0,0,0,1,0,3,11,0,69,1,1682,40,42.05,0.3,0.375,0.275,0.05,1,35,70,2384.24,Upper-Middle,Digitally Engaged,Store,56.8,100,0.501,532.46,Targeted Campaign,8
10500,1958,Graduation,Divorced,95293,1,0,28-07-2021,40,820,75,549,223,94,184,5,6,11,1,17,0,0,1,0,0,0,3,11,0,68,1,1945,23,84.57,0.261,0.043,0.478,0.217,1,61,78,3288.02,Upper-Middle,High Value,Catalog,42.5,84.5,0.515,672.29,Targeted Campaign,7.1
10501,1973,Master,Married,80544,0,0,02-10-2025,39,721,94,315,56,61,144,1,10,3,0,16,0,0,0,0,0,0,3,11,1,53,0,1391,14,99.36,0.714,0,0.214,0.071,0,10,100,1530.1,Upper-Middle,Digitally Engaged,Web,35.2,33,0.422,565.98,Regular Engagement,7.7
10502,2000,Graduation,Widow,46202,0,0,16-03-2023,41,422,73,436,140,14,11,0,12,10,2,4,0,0,0,0,0,0,3,11,0,26,0,1096,24,45.67,0.5,0.083,0.417,0,0,41,71,1545.36,Lower-Middle,Digitally Engaged,Web,62.8,68.5,0.346,396.81,Regular Engagement,8.6
10503,1946,Master,Single,32738,0,0,16-05-2022,60,309,97,162,115,92,131,6,13,4,2,15,0,0,0,0,0,0,3,11,0,80,0,906,25,36.24,0.52,0.08,0.16,0.24,0,51,100,1368.06,Lower-Middle,Digitally Engaged,Web,60.5,75.5,0.38,328.94,Regular Engagement,6.2
10504,1954,Graduation,Widow,66413,0,0,31-05-2022,13,259,42,619,133,72,114,4,9,11,12,10,0,0,0,0,0,0,3,11,0,72,0,1239,36,34.42,0.25,0.333,0.306,0.111,0,51,68,1870.89,Middle,Digitally Engaged,Store,32.8,97.5,0.394,360.26,Regular Engagement,7.6
10505,1963,Master,Divorced,86254,1,1,13-12-2020,26,358,40,267,156,22,20,6,9,0,11,7,0,0,0,0,1,0,3,11,0,63,2,863,26,33.19,0.346,0.423,0,0.231,1,68,72,1522.33,Upper-Middle,Digitally Engaged,Store,47,94,0.528,329.83,Targeted Campaign,8.2
10506,1951,Graduation,Divorced,92245,0,0,02-08-2022,44,495,114,671,187,79,155,1,13,4,5,19,0,0,0,0,0,0,3,11,0,75,0,1701,23,73.96,0.565,0.217,0.174,0.043,0,48,100,2517.48,Upper-Middle,Digitally Engaged,Web,42.5,70,0.412,379.12,Regular Engagement,7.2
10507,1945,PhD,Married,8000,0,1,09-10-2020,68,349,0,68,122,0,119,4,5,6,11,12,0,0,0,0,0,0,3,11,0,81,1,658,26,25.31,0.192,0.423,0.231,0.154,0,70,73,1118.6,Low,Digitally Engaged,Store,71,87,0.296,225.08,Retention Offer,5.9
10508,1996,Graduation,Together,75505,0,0,24-09-2020,45,522,97,484,228,69,117,0,4,0,3,17,0,0,0,0,0,0,3,11,1,30,0,1517,7,216.71,0.571,0.429,0,0,0,71,73,2594.07,Middle,Digitally Engaged,Web,38.2,49.5,0.342,365.9,Regular Engagement,7.6
10509,1957,Master,Married,105098,0,2,23-04-2019,30,739,51,625,45,160,117,4,6,5,12,13,0,0,0,0,0,0,3,11,1,69,2,1737,27,64.33,0.222,0.444,0.185,0.148,0,88,63,3265.56,Upper-Middle,Regular,Store,33,98,0.348,447.34,Regular Engagement,9.9
10510,1979,Basic,Together,89113,1,1,24-04-2019,30,757,61,504,95,128,132,6,7,6,12,19,0,0,0,1,0,0,3,11,0,47,2,1677,31,54.1,0.226,0.387,0.194,0.194,1,88,91,3310.4,Upper-Middle,Digitally Engaged,Store,32,100,0.568,351.22,Targeted Campaign,6.1
10511,1994,Master,Single,144841,0,0,17-10-2023,25,560,149,679,263,160,178,7,3,6,2,18,0,0,1,0,0,0,3,11,1,32,0,1989,18,110.5,0.167,0.111,0.333,0.389,1,34,79,2798.52,High,Champions,Catalog,21.8,61,0.548,580.93,Targeted Campaign,10
10512,1986,Graduation,Together,43136,0,1,01-04-2023,56,463,15,512,124,46,67,0,9,11,4,19,0,0,0,0,1,0,3,11,0,40,1,1227,24,51.12,0.375,0.167,0.458,0,1,41,100,1816.57,Lower-Middle,Digitally Engaged,Catalog,51.5,76.5,0.538,253.47,Targeted Campaign,6.4
10513,1947,Graduation,Single,27010,0,1,03-09-2019,97,776,45,121,91,78,168,1,4,8,8,14,0,0,0,0,0,0,3,11,0,79,1,1279,21,60.9,0.19,0.381,0.381,0.048,0,83,58,2340.57,Low,At Risk,Catalog,89.8,83.5,0.201,410.4,Retention Offer,7.8
10514,1964,PhD,Married,92691,1,0,10-01-2024,6,716,104,718,165,127,107,3,14,5,10,3,0,0,0,0,0,0,3,11,0,62,1,1937,32,60.53,0.438,0.312,0.156,0.094,0,31,75,2537.47,Upper-Middle,High Value,Web,38,79.5,0.426,602.13,Premium Upsell,8.5
10515,1947,Graduation,Married,112180,2,0,22-07-2021,1,681,68,239,205,152,276,4,13,5,6,18,0,0,0,0,0,0,3,11,0,79,2,1621,28,57.89,0.464,0.214,0.179,0.143,0,61,100,2609.81,Upper-Middle,Digitally Engaged,Web,11.8,86.5,0.498,357.02,Targeted Campaign,9.5
10516,1997,Graduation,Single,33343,0,1,03-06-2026,71,366,63,322,39,5,5,7,6,9,11,20,0,0,0,0,0,0,3,11,0,29,1,800,33,24.24,0.182,0.333,0.273,0.212,0,2,100,816,Lower-Middle,At Risk,Store,61.2,67,0.358,154.69,Regular Engagement,8.8
10517,1970,Master,Single,66482,1,0,09-01-2024,8,398,106,193,164,93,40,3,1,4,7,15,0,0,0,0,0,0,3,11,0,56,1,994,15,66.27,0.067,0.467,0.267,0.2,0,31,68,1302.14,Middle,Digitally Engaged,Store,21.5,45.5,0.404,204.97,Regular Engagement,6.9
10518,1999,Basic,Together,72472,0,1,28-03-2025,12,688,75,436,148,128,172,3,5,10,7,8,0,0,0,1,0,0,3,11,0,27,1,1647,25,65.88,0.2,0.28,0.4,0.12,1,17,62,2023.34,Middle,Regular,Catalog,35,66.5,0.531,617.38,Targeted Campaign,6.9
10519,1967,Master,Together,78163,0,0,22-05-2024,20,1038,77,243,170,40,79,6,1,9,14,9,0,0,1,0,0,0,3,11,1,59,0,1647,30,54.9,0.033,0.467,0.3,0.2,1,27,39,2196.27,Middle,Regular,Store,31.5,81.5,0.458,400.91,Targeted Campaign,8.3
10520,1976,PhD,Divorced,104402,0,2,16-05-2023,47,1149,135,404,131,113,229,1,7,6,11,13,0,0,0,0,0,0,3,11,0,50,2,2161,25,86.44,0.28,0.44,0.24,0.04,0,39,67,3003.79,Upper-Middle,High Value,Store,53.8,69.5,0.324,656.99,Premium Upsell,6.4
10521,1948,Graduation,Divorced,138520,1,0,21-07-2021,57,620,84,557,274,118,150,0,4,8,3,6,0,0,0,0,0,0,3,11,0,78,1,1803,15,120.2,0.267,0.2,0.533,0,0,61,46,2902.83,High,High Value,Catalog,71.8,60.5,0.251,728.13,Retention Offer,7.2
10522,2000,Master,Single,47108,1,0,26-08-2022,29,431,82,245,173,41,80,1,0,11,8,5,0,0,0,0,0,0,3,11,0,26,1,1052,20,52.6,0,0.4,0.55,0.05,0,48,21,1556.96,Lower-Middle,Regular,Catalog,52.2,64,0.244,379.45,Regular Engagement,6.7
10523,1993,Graduation,Together,55285,0,1,20-09-2021,81,694,67,45,74,53,74,4,1,6,14,20,0,0,0,0,1,0,3,11,1,33,1,1007,25,40.28,0.04,0.56,0.24,0.16,1,59,65,1681.19,Middle,At Risk,Store,60.8,87.5,0.4,394.49,Regular Engagement,9.6
10524,1973,Graduation,Single,18054,0,0,01-06-2019,46,287,58,255,136,13,150,1,2,8,13,6,0,0,0,0,0,0,3,11,1,53,0,899,24,37.46,0.083,0.542,0.333,0.042,0,87,36,1681.13,Low,Regular,Store,55.5,91.5,0.248,182.04,Regular Engagement,8.3
10525,1957,Graduation,Together,89330,0,2,25-03-2023,39,1087,88,452,157,70,198,1,8,2,11,7,0,0,0,0,0,0,3,11,1,69,2,2052,22,93.27,0.364,0.5,0.091,0.045,0,41,56,2893.32,Upper-Middle,Champions,Store,48.8,64.5,0.312,828.87,Premium Upsell,9
10526,1969,Graduation,Single,29763,0,0,26-02-2023,11,257,17,204,115,49,78,4,5,11,14,5,0,0,0,0,0,0,3,11,0,57,0,720,34,21.18,0.147,0.412,0.324,0.118,0,42,45,1022.4,Low,Regular,Store,38.8,89,0.34,161.74,Regular Engagement,10
10527,1969,Master,Single,68952,1,0,05-08-2019,19,762,90,470,136,100,85,7,13,3,7,18,0,1,0,0,0,0,3,11,0,57,1,1643,30,54.77,0.433,0.233,0.1,0.233,1,84,100,3174.28,Middle,Digitally Engaged,Web,25.2,100,0.612,437.77,Targeted Campaign,8.3
10528,1988,Basic,Divorced,79471,1,1,08-04-2018,72,619,96,299,162,71,0,4,9,0,2,12,0,0,0,0,0,0,3,11,0,38,2,1247,15,83.13,0.6,0.133,0,0.267,0,100,74,2494,Middle,At Risk,Web,74,80,0.291,265.8,Retention Offer,6.1
10529,1961,PhD,Together,106594,1,1,24-05-2019,16,664,86,600,145,113,159,7,6,7,8,8,1,0,0,0,0,0,3,11,1,65,2,1767,28,63.11,0.214,0.286,0.25,0.25,1,87,64,3469.5,Upper-Middle,Regular,Store,30,100,0.528,669.18,Targeted Campaign,7.2
10530,1981,Master,Married,63381,1,0,25-11-2020,11,230,26,443,112,2,51,2,12,11,12,8,0,0,0,0,0,0,3,11,0,45,1,864,37,23.35,0.324,0.324,0.297,0.054,0,69,91,1460.16,Middle,Digitally Engaged,Web,34.2,100,0.456,320.48,Targeted Campaign,8.1
10531,1990,Graduation,Together,49795,1,0,30-05-2019,2,559,71,516,86,106,91,1,8,8,2,1,0,0,0,1,0,0,3,11,1,36,1,1429,19,75.21,0.421,0.105,0.421,0.053,1,87,47,2805.84,Lower-Middle,Regular,Web,30,89.5,0.514,471.32,Targeted Campaign,7.5
10532,1956,Master,Married,45029,1,0,02-11-2018,70,666,70,469,140,59,166,4,9,5,11,8,0,0,0,0,0,0,3,11,0,70,1,1570,29,54.14,0.31,0.379,0.172,0.138,0,93,68,3030.1,Lower-Middle,Digitally Engaged,Store,78.5,100,0.28,571.72,Retention Offer,6.1
10533,1988,Basic,Married,95661,2,0,25-02-2019,33,871,46,493,141,78,214,4,13,7,11,20,1,0,1,1,0,0,3,11,1,38,2,1843,35,52.66,0.371,0.314,0.2,0.114,3,90,100,4026.95,Upper-Middle,Champions,Web,24.8,100,0.884,590.54,Targeted Campaign,8.3
10534,1973,Master,Together,54231,1,1,22-05-2026,38,695,32,430,42,0,63,0,2,5,7,18,0,0,0,1,0,0,3,11,0,53,2,1262,14,90.14,0.143,0.5,0.357,0,1,3,62,1364.85,Middle,Regular,Store,39.5,37.5,0.479,341.47,Targeted Campaign,6.8
10535,1956,Master,Single,66748,1,1,13-10-2023,35,647,6,464,78,100,126,6,1,4,13,20,0,0,0,0,0,0,3,11,0,70,2,1421,24,59.21,0.042,0.542,0.167,0.25,0,34,83,1904.14,Middle,Digitally Engaged,Store,34.2,65,0.388,267.74,Regular Engagement,8.2
10536,1945,Master,Married,88727,1,0,26-06-2024,16,766,99,535,180,55,92,6,8,11,2,17,0,0,0,0,0,0,3,11,0,81,1,1727,27,63.96,0.296,0.074,0.407,0.222,0,26,93,2176.02,Upper-Middle,Digitally Engaged,Catalog,24.5,67,0.45,333.51,Regular Engagement,7.7
10537,1994,Graduation,Married,105451,0,2,21-01-2021,39,1028,107,265,195,150,84,3,1,5,2,1,0,0,0,0,0,0,3,11,0,32,2,1829,11,166.27,0.091,0.182,0.455,0.273,0,67,19,3054.43,Upper-Middle,High Value,Catalog,65.8,55.5,0.22,667.47,Retention Offer,7
10538,1994,Graduation,Together,101031,2,0,24-02-2020,1,428,82,404,93,68,82,3,14,9,12,10,0,0,0,0,0,0,3,11,0,32,2,1157,38,30.45,0.368,0.316,0.237,0.079,0,78,90,2059.46,Upper-Middle,Digitally Engaged,Web,23.8,100,0.473,279.13,Targeted Campaign,5.9
10539,1948,Master,Single,21088,0,0,27-04-2019,45,592,63,267,63,0,103,5,14,9,15,7,0,0,0,1,0,0,3,11,0,78,0,1088,43,25.3,0.326,0.349,0.209,0.116,1,88,82,2147.71,Low,Digitally Engaged,Store,61.2,100,0.515,338.17,Targeted Campaign,7.2
10540,1975,Graduation,Married,30998,1,0,04-01-2025,37,451,112,168,0,82,31,6,9,10,4,19,0,0,1,0,1,0,3,11,1,51,1,844,29,29.1,0.31,0.138,0.345,0.207,2,19,95,1104.8,Lower-Middle,Digitally Engaged,Catalog,29.2,83.5,0.713,240.16,Targeted Campaign,7.1
10541,1950,PhD,Together,76146,2,0,14-06-2020,99,421,64,362,172,90,127,1,1,3,4,19,0,0,0,0,0,0,3,11,0,76,2,1236,9,137.33,0.111,0.444,0.333,0.111,0,74,70,2150.64,Middle,At Risk,Store,83.8,55,0.227,256.15,Retention Offer,6.9
10542,1947,Graduation,Single,82917,0,0,14-05-2021,71,743,57,372,251,0,146,7,7,1,9,3,0,0,0,0,0,0,3,11,0,79,0,1569,24,65.38,0.292,0.375,0.042,0.292,0,63,55,2557.47,Upper-Middle,At Risk,Store,86.8,79.5,0.246,531.91,Retention Offer,7.2
10543,1948,Graduation,Married,73553,0,0,20-09-2020,54,312,115,324,194,151,172,5,5,10,7,3,0,0,0,0,0,0,3,11,0,78,0,1268,27,46.96,0.185,0.259,0.37,0.185,0,71,43,2168.28,Middle,Regular,Catalog,74,89.5,0.25,479,Retention Offer,6.8
10544,1997,Master,Single,105691,0,0,18-11-2020,46,927,44,596,218,73,203,2,9,11,15,6,0,0,0,0,0,0,3,11,0,29,0,2061,37,55.7,0.243,0.405,0.297,0.054,0,69,68,3483.09,Upper-Middle,High Value,Store,63.5,100,0.328,727.92,Premium Upsell,8.3
10545,1973,PhD,Married,112990,2,2,25-06-2025,99,797,40,839,179,9,115,4,14,10,3,1,0,0,0,0,0,0,3,11,0,53,4,1979,31,63.84,0.452,0.097,0.323,0.129,0,14,64,2256.06,Upper-Middle,High Value,Web,100,69,0.212,593.04,Retention Offer,6.8
10546,2000,Graduation,Married,62642,0,0,19-06-2023,32,434,98,496,29,155,185,1,13,6,7,15,0,0,0,0,0,0,3,11,0,26,0,1397,27,51.74,0.481,0.259,0.222,0.037,0,38,97,1927.86,Middle,Digitally Engaged,Web,39.5,73,0.428,299.13,Regular Engagement,8.1
10547,1988,Graduation,Together,70607,0,1,02-05-2025,41,934,73,610,190,42,24,2,4,5,9,16,1,0,0,0,0,0,3,11,0,38,1,1873,20,93.65,0.2,0.45,0.25,0.1,1,15,80,2261.65,Middle,High Value,Store,44.8,55.5,0.518,459.91,Targeted Campaign,6.7
10548,1986,Basic,Married,98911,0,1,22-01-2020,76,412,58,365,191,49,114,6,6,5,3,10,0,0,0,0,0,0,3,11,1,40,1,1189,20,59.45,0.3,0.15,0.25,0.3,0,79,60,2128.31,Upper-Middle,At Risk,Web,72,79.5,0.248,496.8,Retention Offer,8.9
10549,1950,PhD,Divorced,92080,2,0,21-12-2021,11,1012,77,829,132,95,87,1,14,2,7,4,0,0,0,0,0,0,3,11,0,76,2,2232,24,93,0.583,0.292,0.083,0.042,0,56,73,3481.92,Upper-Middle,High Value,Web,40.2,76,0.41,749.63,Premium Upsell,8
10550,1969,PhD,Divorced,33719,1,0,06-07-2018,17,623,51,387,0,57,40,2,4,1,14,20,0,0,0,0,0,0,3,11,0,57,1,1158,21,55.14,0.19,0.667,0.048,0.095,0,97,92,2281.26,Lower-Middle,Digitally Engaged,Store,20.8,90.5,0.446,278.54,Regular Engagement,7.3
10551,1976,Basic,Single,24643,1,1,19-07-2024,35,191,40,72,0,14,31,0,10,10,0,20,0,0,0,1,0,0,3,11,1,50,2,348,20,17.4,0.5,0,0.5,0,1,25,100,456.75,Low,Digitally Engaged,Web,26.2,60.5,0.58,99,Targeted Campaign,7.1
10552,1978,Graduation,Married,10004,1,0,17-05-2022,90,293,49,134,27,58,68,4,2,4,8,14,0,0,0,1,0,0,3,11,1,48,1,629,18,34.94,0.111,0.444,0.222,0.222,1,51,54,997.28,Low,At Risk,Store,76.5,69.5,0.355,135.41,Retention Offer,5
10553,1952,PhD,Together,64506,1,0,14-02-2023,76,380,58,562,123,81,110,7,4,11,15,15,0,1,0,0,0,0,3,11,0,74,1,1314,37,35.51,0.108,0.405,0.297,0.189,1,42,61,1959.17,Middle,At Risk,Store,72.5,100,0.4,548.78,Retention Offer,5.6
10554,1945,Graduation,Married,46477,1,0,26-05-2025,8,310,8,252,68,137,30,3,12,8,9,8,0,0,0,0,0,1,3,11,0,81,1,805,32,25.16,0.375,0.281,0.25,0.094,0,15,79,925.75,Lower-Middle,Digitally Engaged,Web,47,71.5,0.332,207.36,Regular Engagement,3.4
10555,1979,Graduation,Single,43674,0,0,23-04-2018,0,941,12,173,63,66,225,2,2,2,5,6,0,0,0,0,0,0,3,11,0,47,0,1480,11,134.55,0.182,0.455,0.182,0.182,0,100,36,2960,Lower-Middle,Regular,Store,29,72,0.34,511.02,Regular Engagement,8.3
10556,1951,Graduation,Single,16985,2,0,05-02-2020,70,214,73,22,46,10,90,1,8,9,13,16,0,0,0,0,0,0,3,11,0,75,2,455,31,14.68,0.258,0.419,0.29,0.032,0,78,90,809.9,Low,Digitally Engaged,Store,66.5,100,0.335,174.68,Retention Offer,6.8
10557,1997,Master,Together,63073,0,0,11-09-2024,44,617,53,384,159,106,156,5,14,6,3,1,0,0,0,0,0,0,3,11,0,29,0,1475,28,52.68,0.5,0.107,0.214,0.179,0,23,71,1814.25,Middle,Digitally Engaged,Web,69.5,67.5,0.339,498.31,Retention Offer,6.2
10558,1963,Master,Single,17782,0,1,02-12-2021,61,548,24,396,79,44,10,5,2,8,11,19,0,0,0,0,0,0,3,11,0,63,1,1101,26,42.35,0.077,0.423,0.308,0.192,0,56,81,1717.56,Low,Digitally Engaged,Store,55.2,80,0.33,416.47,Regular Engagement,7.2
10559,1996,Graduation,Married,28340,1,1,30-07-2018,69,371,0,235,35,48,55,5,7,11,2,12,0,0,0,0,0,0,3,11,0,30,2,744,25,29.76,0.28,0.08,0.44,0.2,0,97,76,1465.68,Low,Digitally Engaged,Catalog,71.8,98.5,0.302,299.22,Retention Offer,7.4
10560,1968,Graduation,Widow,53547,0,0,22-07-2018,30,424,23,308,83,58,93,0,1,5,15,4,0,0,0,0,0,0,3,11,0,58,0,989,21,47.1,0.048,0.714,0.238,0,0,97,21,1948.33,Middle,Regular,Store,54.5,90.5,0.243,372.49,Regular Engagement,6.2
10561,1968,Master,Together,78982,0,1,13-10-2024,62,699,85,653,131,144,106,1,4,7,3,11,0,0,1,0,0,0,3,11,0,58,1,1818,15,121.2,0.267,0.2,0.467,0.067,1,22,68,2328.86,Middle,High Value,Catalog,68,49,0.446,705.36,Retention Offer,7
10562,1987,Master,Single,65586,0,1,05-05-2026,72,604,55,401,159,111,150,2,14,10,2,13,0,0,0,0,0,0,3,11,0,39,1,1480,28,52.86,0.5,0.071,0.357,0.071,0,3,95,1524.4,Middle,At Risk,Web,72.5,57.5,0.344,509.54,Retention Offer,5.9
10563,1995,Master,Divorced,85810,1,1,26-11-2019,58,524,90,540,116,96,168,7,4,4,13,13,0,0,0,0,0,0,3,11,0,31,2,1534,28,54.79,0.143,0.464,0.143,0.25,0,81,60,2776.54,Upper-Middle,Regular,Store,62,96.5,0.284,541.29,Regular Engagement,6.4
10564,1954,Master,Married,62467,1,2,22-01-2019,54,609,84,328,277,77,157,6,11,4,2,9,0,0,0,0,0,0,3,11,0,72,3,1532,23,66.61,0.478,0.087,0.174,0.261,0,91,78,2926.12,Middle,Digitally Engaged,Web,65,91.5,0.337,335.91,Regular Engagement,5.7
10565,1969,Master,Together,51440,1,0,04-12-2023,5,350,50,63,71,28,68,5,8,0,10,6,0,0,0,0,0,0,3,11,0,57,1,630,23,27.39,0.348,0.435,0,0.217,0,32,68,831.6,Middle,Digitally Engaged,Store,32.8,62,0.41,126.39,Regular Engagement,6.1
10566,1951,Master,Single,54407,1,0,08-05-2024,81,485,142,437,42,18,134,4,9,0,13,4,0,0,0,0,0,0,3,11,0,75,1,1258,26,48.38,0.346,0.5,0,0.154,0,27,61,1597.66,Middle,At Risk,Store,92.8,65.5,0.241,384.71,Retention Offer,4.8
10567,1984,Graduation,Divorced,36730,1,0,21-06-2019,63,505,41,184,69,20,10,2,12,10,14,2,0,0,0,0,0,0,3,11,0,42,1,829,38,21.82,0.316,0.368,0.263,0.053,0,86,73,1541.94,Lower-Middle,Digitally Engaged,Store,82.2,100,0.306,242.08,Retention Offer,7.6
10568,1984,Basic,Together,65331,0,0,23-01-2021,45,800,94,622,120,71,66,4,6,6,11,4,0,0,0,0,0,0,3,11,0,42,0,1773,27,65.67,0.222,0.407,0.222,0.148,0,67,43,2960.91,Middle,Regular,Store,65.8,87.5,0.268,609.31,Retention Offer,5.4
10569,1952,Graduation,Single,100713,1,1,14-06-2024,66,673,109,370,216,81,101,0,0,8,13,2,0,0,0,0,0,0,3,11,0,74,2,1550,21,73.81,0,0.619,0.381,0,0,26,18,1953,Upper-Middle,Regular,Store,84.5,55,0.163,573.93,Retention Offer,6.8
10570,1994,Graduation,Married,87068,1,0,16-09-2018,54,475,143,296,168,92,205,5,1,5,10,13,0,0,0,1,0,0,3,11,0,32,1,1379,21,65.67,0.048,0.476,0.238,0.238,1,95,58,2823.5,Upper-Middle,Regular,Store,59,97.5,0.437,389.42,Regular Engagement,7.8
10571,1999,Basic,Single,86507,1,0,29-06-2020,0,689,78,664,155,154,174,2,11,5,15,16,0,0,0,0,0,0,3,11,0,27,1,1914,33,58,0.333,0.455,0.152,0.061,0,74,98,3330.36,Upper-Middle,High Value,Store,14,100,0.495,349.15,Targeted Campaign,9.2
10572,1994,Master,Single,75917,1,1,02-09-2025,62,732,63,557,78,0,104,1,5,1,13,11,0,0,0,0,0,0,3,11,0,32,2,1534,20,76.7,0.25,0.65,0.05,0.05,0,11,66,1702.74,Middle,Digitally Engaged,Store,68,45.5,0.291,319.02,Retention Offer,6.8
10573,1989,Graduation,Single,71390,0,2,12-02-2019,22,805,61,351,86,45,157,2,10,2,8,3,0,0,1,0,0,0,3,11,1,37,2,1505,22,68.41,0.455,0.364,0.091,0.091,1,90,53,3002.48,Middle,Regular,Web,42,97,0.489,278.52,Targeted Campaign,7.9
10574,1986,Master,Single,67429,1,1,27-11-2018,6,610,88,314,152,60,124,5,0,9,2,9,0,0,0,0,0,0,3,11,0,40,2,1348,16,84.25,0,0.125,0.562,0.312,0,93,39,2601.64,Middle,Regular,Catalog,29,78.5,0.336,383.36,Regular Engagement,10
10575,1960,Graduation,Divorced,31446,1,1,29-07-2024,33,255,69,157,150,29,8,7,14,6,4,4,0,0,0,0,0,0,3,11,0,66,2,668,31,21.55,0.452,0.129,0.194,0.226,0,25,81,835,Lower-Middle,Digitally Engaged,Web,56.8,74.5,0.386,181.53,Regular Engagement,7.4
10576,2000,Graduation,Married,30065,0,0,24-07-2018,12,243,27,379,0,55,0,7,1,6,13,4,0,0,0,0,0,0,3,11,1,26,0,704,27,26.07,0.037,0.481,0.222,0.259,0,97,16,1386.88,Lower-Middle,Regular,Store,33,100,0.266,223.51,Regular Engagement,6.6
10577,1962,Graduation,Married,35373,0,0,14-03-2020,86,214,61,358,55,62,48,0,0,1,4,15,0,0,0,0,0,0,3,11,0,64,0,798,5,159.6,0,0.8,0.2,0,0,77,46,1412.46,Lower-Middle,At Risk,Store,80,48.5,0.193,328.53,Retention Offer,8
10578,1974,Basic,Married,92822,0,0,15-03-2021,13,734,45,713,170,106,64,7,11,9,11,9,0,0,0,0,0,0,3,11,0,52,0,1832,38,48.21,0.289,0.289,0.237,0.184,0,65,75,3022.8,Upper-Middle,High Value,Web,34.2,100,0.412,351.42,Premium Upsell,7.9
10579,1984,Graduation,Divorced,45068,1,0,07-05-2026,4,312,107,317,100,53,113,3,14,4,4,3,0,0,0,0,0,0,3,11,1,42,1,1002,25,40.08,0.56,0.16,0.16,0.12,0,3,76,1032.06,Lower-Middle,Digitally Engaged,Web,28.5,51.5,0.432,317.02,Regular Engagement,7.5
10580,1988,Graduation,Married,83555,0,0,04-05-2019,66,603,121,444,106,166,234,2,4,1,3,8,0,0,0,0,0,0,3,11,1,38,0,1674,10,167.4,0.4,0.3,0.1,0.2,0,87,41,3130.38,Upper-Middle,Regular,Web,67.5,63.5,0.22,491.39,Retention Offer,6.2
10581,1963,PhD,Married,29487,0,0,01-12-2021,21,582,74,135,82,3,47,3,9,7,2,10,0,0,0,1,0,0,3,11,0,63,0,923,21,43.95,0.429,0.095,0.333,0.143,1,56,84,1511.87,Low,Digitally Engaged,Web,38.8,78,0.568,207.76,Targeted Campaign,7.1
10582,1968,Graduation,Single,55917,1,1,21-12-2023,84,473,64,277,20,19,66,4,0,11,3,8,0,0,0,0,0,0,3,11,0,58,2,919,18,51.06,0,0.167,0.611,0.222,0,32,25,1213.08,Middle,At Risk,Catalog,89,52,0.145,363.78,Retention Offer,8.7
10583,1971,Graduation,Single,34562,1,0,20-02-2019,74,465,34,334,49,82,7,2,9,6,6,19,0,0,1,0,0,0,3,11,0,55,1,971,23,42.22,0.391,0.261,0.261,0.087,1,90,99,1937.14,Lower-Middle,At Risk,Web,65,99,0.5,188.51,Targeted Campaign,7.1
10584,1964,Basic,Single,85268,0,0,04-10-2025,29,722,103,331,279,91,177,4,1,7,2,6,1,0,0,0,0,0,3,11,0,62,0,1703,14,121.64,0.071,0.143,0.5,0.286,1,10,25,1966.97,Upper-Middle,Regular,Catalog,50.8,41,0.404,402.6,Regular Engagement,6.2
10585,1963,Basic,Married,124177,0,2,01-03-2025,90,703,93,483,80,92,89,6,0,3,4,16,0,0,0,0,0,0,3,11,0,63,2,1540,13,118.46,0,0.308,0.231,0.462,0,18,54,1817.2,High,At Risk,Store,81.5,35,0.205,623.79,Retention Offer,4.7
10586,1996,Master,Married,26656,1,1,30-06-2019,71,314,3,298,34,52,46,0,3,9,6,10,0,0,0,1,1,0,3,11,0,30,2,747,18,41.5,0.167,0.333,0.5,0,2,86,51,1528.36,Low,At Risk,Catalog,76.2,95,0.536,196.84,Retention Offer,7.3
10587,1958,Graduation,Married,73210,0,0,15-09-2024,39,745,95,412,160,83,173,0,3,4,3,11,0,0,0,0,0,0,3,11,0,68,0,1668,10,166.8,0.3,0.3,0.4,0,0,23,55,2051.64,Middle,Regular,Catalog,50.8,31.5,0.31,522.53,Regular Engagement,5.4
10588,1969,Graduation,Together,39221,2,1,25-07-2024,24,262,62,249,150,14,73,4,12,8,4,19,0,0,1,0,0,0,3,11,0,57,3,810,28,28.93,0.429,0.143,0.286,0.143,1,25,100,1063.12,Lower-Middle,Digitally Engaged,Web,27.5,76.5,0.602,215.52,Targeted Campaign,7.7
10589,1953,Graduation,Single,86000,0,1,19-09-2024,1,928,131,411,266,83,59,6,8,1,9,2,0,1,0,0,0,0,3,11,0,73,1,1878,24,78.25,0.333,0.375,0.042,0.25,1,23,42,2425.44,Upper-Middle,High Value,Store,35.8,67.5,0.503,724.75,Targeted Campaign,7.6
10590,1986,Master,Married,115389,0,0,14-04-2022,55,942,84,473,266,139,167,0,6,11,11,6,0,0,1,0,0,0,3,11,0,40,0,2071,28,73.96,0.214,0.393,0.393,0,1,52,45,3305.32,Upper-Middle,High Value,Catalog,70.2,90,0.402,782.33,Retention Offer,7
10591,1990,PhD,Divorced,48544,0,0,01-08-2023,89,653,91,284,166,44,69,2,11,10,9,17,0,0,0,0,0,0,3,11,0,36,0,1307,32,40.84,0.344,0.281,0.312,0.062,0,37,100,1790.59,Lower-Middle,At Risk,Web,79.2,82.5,0.322,287.98,Retention Offer,7.3
10592,1972,Graduation,Married,95021,0,1,06-12-2018,78,666,76,473,99,173,146,0,6,6,8,14,0,0,0,0,0,0,3,11,0,54,1,1633,20,81.65,0.3,0.4,0.3,0,0,92,76,3135.36,Upper-Middle,At Risk,Store,75.5,86,0.284,339.19,Retention Offer,6.8
10593,1948,Graduation,Together,61092,1,1,09-05-2023,17,435,72,563,226,24,75,0,0,3,11,15,1,0,0,1,0,0,3,11,0,78,2,1395,14,99.64,0,0.786,0.214,0,2,39,61,2132.96,Middle,Regular,Store,28.2,63.5,0.668,378.5,Targeted Campaign,7.1
10594,1951,Graduation,Married,42575,1,1,14-09-2021,64,592,72,426,137,21,47,7,6,8,9,2,0,0,0,0,0,0,3,11,0,75,2,1295,30,43.17,0.2,0.3,0.267,0.233,0,59,36,2059.05,Lower-Middle,Regular,Store,83,89.5,0.212,470.96,Retention Offer,6.3
10595,1959,Graduation,Single,52909,0,0,27-08-2022,54,925,70,242,54,107,130,0,4,2,11,18,0,0,1,0,0,0,3,11,0,67,0,1528,17,89.88,0.235,0.647,0.118,0,1,48,70,2374.51,Middle,Digitally Engaged,Store,51.5,66,0.467,573.51,Targeted Campaign,5.6
10596,1952,Graduation,Widow,100256,0,0,22-10-2022,82,920,75,424,127,127,90,6,4,0,11,9,0,0,0,0,1,0,3,11,0,74,0,1763,21,83.95,0.19,0.524,0,0.286,1,46,58,2702.68,Upper-Middle,At Risk,Store,86,73,0.381,592.87,Retention Offer,7.6
10597,1957,Master,Married,77836,1,2,01-08-2019,64,543,108,506,217,65,128,6,5,6,1,3,0,1,1,1,0,0,3,11,0,69,3,1567,18,87.06,0.278,0.056,0.333,0.333,3,85,44,3333.79,Middle,Regular,Catalog,81.5,100,0.682,374.76,Retention Offer,7.2
10598,1973,Graduation,Single,62605,2,0,19-05-2020,5,255,39,390,110,112,60,7,8,5,7,6,0,0,0,0,0,0,3,11,1,53,2,966,27,35.78,0.296,0.259,0.185,0.259,0,75,59,1690.5,Middle,Regular,Web,24.8,91.5,0.388,358.02,Regular Engagement,10
10599,1977,Master,Married,59855,0,1,26-01-2020,7,517,111,595,133,38,117,7,6,11,7,4,0,0,0,0,0,0,3,11,0,49,1,1511,31,48.74,0.194,0.226,0.355,0.226,0,79,45,2704.69,Middle,Regular,Catalog,37.2,100,0.349,452.2,Regular Engagement,6.1
10600,1984,Basic,Single,46156,1,1,07-01-2019,42,420,2,168,15,92,108,6,11,5,6,12,0,0,0,0,0,0,3,11,0,42,2,805,28,28.75,0.393,0.214,0.179,0.214,0,91,94,1537.55,Lower-Middle,Digitally Engaged,Web,51.5,100,0.401,306.07,Regular Engagement,7.4
10601,1997,Graduation,Married,84971,0,0,09-08-2019,94,490,118,552,108,76,116,4,0,9,14,19,0,0,0,0,0,0,3,11,0,29,0,1460,27,54.07,0,0.519,0.333,0.148,0,84,69,2686.4,Upper-Middle,At Risk,Store,80,96,0.234,370.45,Retention Offer,5
10602,1986,Master,Married,130854,0,0,11-11-2022,87,793,98,483,247,90,182,4,0,4,12,7,0,0,0,0,0,0,3,11,0,40,0,1893,20,94.65,0,0.6,0.2,0.2,0,45,39,2744.85,High,High Value,Store,92.8,62.5,0.174,483.61,Retention Offer,5
10603,1971,Graduation,Single,60065,0,0,17-02-2020,19,815,57,498,105,1,91,2,5,10,1,16,0,0,0,0,0,0,3,11,1,55,0,1567,18,87.06,0.278,0.056,0.556,0.111,0,78,84,2789.26,Middle,Digitally Engaged,Catalog,20.2,75,0.422,428.37,Regular Engagement,8.6
10604,1963,PhD,Divorced,33476,1,0,03-03-2025,30,318,0,321,0,63,64,1,3,8,3,8,0,0,0,0,0,0,3,11,0,63,1,766,15,51.07,0.2,0.2,0.533,0.067,0,17,39,896.22,Lower-Middle,Regular,Catalog,48.5,38.5,0.288,203.19,Regular Engagement,7.2
10605,1993,Master,Single,76871,1,0,17-08-2018,95,698,77,592,68,47,71,3,5,4,8,11,0,1,1,0,0,0,3,11,0,33,1,1553,20,77.65,0.25,0.4,0.2,0.15,2,96,72,3348.27,Middle,At Risk,Store,92.8,100,0.54,300.51,Retention Offer,6.4
10606,1945,Master,Married,81567,0,1,16-01-2021,85,878,92,478,124,182,121,4,1,1,7,5,0,0,0,0,0,0,3,11,0,81,1,1875,13,144.23,0.077,0.538,0.077,0.308,0,67,34,3131.25,Upper-Middle,High Value,Store,94.2,59.5,0.165,339.59,Retention Offer,6.6
10607,1985,Graduation,Together,98238,1,0,14-06-2025,52,931,118,648,112,134,211,6,2,4,7,9,0,1,0,0,0,0,3,11,0,41,1,2154,19,113.37,0.105,0.368,0.211,0.316,1,14,54,2578.34,Upper-Middle,High Value,Store,63.5,53,0.431,758.92,Premium Upsell,8.3
10608,1974,Graduation,Married,28201,0,0,16-07-2018,24,568,81,294,40,32,51,6,5,4,5,19,0,1,0,0,0,1,3,11,0,52,0,1066,20,53.3,0.25,0.25,0.2,0.3,1,97,90,2205.02,Low,Digitally Engaged,Web,42.5,96.5,0.477,206.92,Targeted Campaign,3.9
10609,1972,Graduation,Divorced,74230,0,0,04-04-2023,28,459,76,457,133,56,28,1,0,4,2,4,0,0,0,0,0,0,3,11,0,54,0,1209,7,172.71,0,0.286,0.571,0.143,0,40,18,1692.6,Middle,Regular,Catalog,53,34,0.239,349.12,Regular Engagement,9
10610,1955,Graduation,Together,39211,1,2,18-03-2023,53,574,58,520,91,126,141,7,9,4,5,1,0,0,0,0,0,0,3,11,0,71,3,1510,25,60.4,0.36,0.2,0.16,0.28,0,41,48,2129.1,Lower-Middle,Regular,Web,76.2,70.5,0.264,518.01,Retention Offer,7.5
10611,1960,PhD,Together,107407,0,0,27-04-2025,42,411,115,780,251,161,62,1,8,10,0,17,0,1,0,1,0,0,3,11,0,66,0,1780,19,93.68,0.421,0,0.526,0.053,2,16,94,2271.28,Upper-Middle,High Value,Catalog,44,62,0.701,417.34,Targeted Campaign,6.9
10612,1962,PhD,Married,88402,0,0,25-12-2025,57,482,99,726,217,117,144,3,5,6,1,20,0,0,1,0,1,0,3,11,0,64,0,1785,15,119,0.333,0.067,0.4,0.2,2,8,83,2120.58,Upper-Middle,High Value,Catalog,50.8,50,0.644,539.64,Targeted Campaign,7.6
10613,1947,Graduation,Together,59413,0,1,24-02-2020,62,688,112,494,172,33,0,5,3,5,5,10,0,0,0,0,0,0,3,11,0,79,1,1499,18,83.28,0.167,0.278,0.278,0.278,0,78,55,2668.22,Middle,Regular,Catalog,69.5,75,0.264,383.1,Retention Offer,4.9
10614,1976,Master,Single,27954,1,0,15-04-2026,42,577,56,230,30,66,78,0,10,4,3,10,0,1,0,0,0,0,3,11,0,50,1,1037,17,61,0.588,0.176,0.235,0,1,4,70,1132.4,Low,Digitally Engaged,Web,54.5,44,0.491,256.51,Targeted Campaign,5.7
10615,1976,Master,Divorced,123648,0,1,22-04-2018,10,1045,91,529,215,59,304,0,9,1,11,15,0,0,0,0,0,0,3,11,1,50,1,2243,21,106.81,0.429,0.524,0.048,0,0,100,98,4486,High,Champions,Store,15,92,0.475,630.38,Targeted Campaign,6.6
10616,1966,Graduation,Married,60698,2,0,01-03-2025,63,616,89,360,85,54,118,5,5,1,4,1,0,0,0,0,0,0,3,11,0,60,2,1322,15,88.13,0.333,0.267,0.067,0.333,0,18,28,1559.96,Middle,Regular,Web,83.8,39,0.194,351.55,Retention Offer,5.5
10617,1995,Graduation,Single,93014,0,0,14-12-2020,4,859,40,366,253,153,183,7,13,5,0,11,0,0,1,0,0,0,3,11,1,31,0,1854,25,74.16,0.52,0,0.2,0.28,1,68,90,3270.46,Upper-Middle,Champions,Web,16.5,92,0.617,742.53,Targeted Campaign,8.7
10618,1970,Graduation,Married,8000,0,2,11-11-2018,3,263,0,77,6,0,40,4,9,8,1,8,0,0,0,0,0,0,3,11,0,56,2,386,22,17.55,0.409,0.045,0.364,0.182,0,93,67,744.98,Low,Digitally Engaged,Web,28.2,90.5,0.412,131.8,Regular Engagement,8.7
10619,1949,Graduation,Married,69314,0,0,28-06-2022,9,408,70,451,117,29,116,0,13,5,15,20,0,0,0,0,0,0,3,11,0,77,0,1191,33,36.09,0.394,0.455,0.152,0,0,50,100,1786.5,Middle,Digitally Engaged,Store,14.8,91,0.482,495.76,Targeted Campaign,7.5
10620,1947,Master,Widow,89052,0,0,26-03-2022,19,759,88,502,188,56,115,0,12,11,0,5,0,0,0,0,0,0,3,11,0,79,0,1708,23,74.26,0.522,0,0.478,0,0,53,63,2613.24,Upper-Middle,Regular,Web,44.8,72.5,0.37,437.45,Regular Engagement,7.7
10621,1965,Master,Married,8000,0,0,21-08-2019,19,571,74,196,42,0,105,1,0,9,12,11,0,0,0,0,0,0,3,11,0,61,0,988,22,44.91,0,0.545,0.409,0.045,0,84,36,1817.92,Low,Regular,Store,35.8,86,0.302,316.38,Regular Engagement,7.6
10622,1955,Basic,Married,73634,0,0,04-05-2022,72,953,83,491,62,74,156,2,8,1,14,6,0,0,0,0,0,0,3,11,0,71,0,1819,25,72.76,0.32,0.56,0.04,0.08,0,51,50,2746.69,Middle,High Value,Store,83,75.5,0.231,329.56,Retention Offer,7.8
10623,1993,PhD,Divorced,104211,0,1,23-01-2026,58,893,95,802,133,82,150,5,13,2,14,5,0,0,0,0,0,0,3,11,1,33,1,2155,34,63.38,0.382,0.412,0.059,0.147,0,7,69,2305.85,Upper-Middle,Champions,Store,66,71.5,0.306,391.33,Retention Offer,7.4
10624,1992,Graduation,Together,20081,1,2,30-03-2019,18,136,66,202,172,64,18,6,0,1,15,14,0,0,0,0,0,0,3,11,1,34,3,658,22,29.91,0,0.682,0.045,0.273,0,89,49,1243.62,Low,Regular,Store,22.5,88.5,0.336,264.09,Regular Engagement,9
10625,1998,Graduation,Married,61233,1,1,20-11-2021,49,614,90,149,142,117,15,0,10,3,6,17,0,0,0,0,0,0,3,11,0,28,2,1127,19,59.32,0.526,0.316,0.158,0,0,57,95,1769.39,Middle,Digitally Engaged,Web,49.2,66.5,0.389,338.12,Regular Engagement,6.5
10626,1973,Graduation,Divorced,54521,0,0,25-08-2018,46,530,86,423,132,15,102,7,0,10,15,12,0,0,0,0,0,1,3,11,0,53,0,1288,32,40.25,0,0.469,0.312,0.219,0,96,46,2524.48,Middle,Regular,Store,69.5,100,0.173,480.43,Retention Offer,2.6
10627,1972,Graduation,Single,45906,1,2,08-07-2020,55,393,93,423,152,82,104,5,0,5,14,7,0,0,0,0,0,0,3,11,0,54,3,1247,24,51.96,0,0.583,0.208,0.208,0,73,40,2157.31,Lower-Middle,Regular,Store,68.8,84.5,0.24,275.69,Retention Offer,6.3
10628,1994,PhD,Together,45993,0,1,10-05-2023,61,545,85,440,135,158,3,4,2,8,10,9,0,0,0,0,0,0,3,11,0,32,1,1366,24,56.92,0.083,0.417,0.333,0.167,0,39,35,1898.74,Lower-Middle,Regular,Store,70.2,67.5,0.216,562.13,Retention Offer,8.2
10629,1980,Master,Single,37660,1,0,30-11-2018,72,328,56,692,0,40,77,4,13,5,7,8,0,0,0,0,0,0,3,11,0,46,1,1193,29,41.14,0.448,0.241,0.172,0.138,0,93,92,2302.49,Lower-Middle,At Risk,Web,80,100,0.336,437.82,Retention Offer,4.6
10630,1993,Graduation,Single,41572,0,1,24-07-2018,89,441,43,102,111,80,22,3,2,2,3,7,0,0,0,0,0,0,3,11,0,33,1,799,10,79.9,0.2,0.3,0.2,0.3,0,97,32,1574.03,Lower-Middle,At Risk,Store,94.2,68.5,0.152,237.17,Retention Offer,6.4
10631,1955,Master,Widow,63115,0,0,04-06-2024,86,755,34,282,33,99,9,0,1,7,11,13,0,0,0,1,0,0,3,11,0,71,0,1212,19,63.79,0.053,0.579,0.368,0,1,26,53,1603.48,Middle,At Risk,Store,83,59,0.361,314.71,Retention Offer,8
10632,1955,PhD,Widow,67391,1,0,21-07-2025,64,399,98,467,202,61,0,5,9,5,11,11,0,0,0,0,0,0,3,11,0,71,1,1227,30,40.9,0.3,0.367,0.167,0.167,0,13,85,1386.51,Middle,Digitally Engaged,Store,69.5,66.5,0.334,408.68,Retention Offer,6.5
10633,1948,Graduation,Married,24233,0,0,24-03-2021,94,560,51,339,111,0,51,2,9,11,13,7,0,0,0,0,0,0,3,11,0,78,0,1112,35,31.77,0.257,0.371,0.314,0.057,0,65,63,1834.8,Low,At Risk,Store,98,100,0.22,333.78,Retention Offer,8.5
10634,1967,Master,Married,46639,2,0,03-01-2022,43,425,88,450,72,51,134,2,0,1,5,19,0,0,0,0,0,0,3,11,0,59,2,1220,8,152.5,0,0.625,0.125,0.25,0,55,68,1891,Lower-Middle,Digitally Engaged,Store,41.8,43.5,0.334,247.63,Regular Engagement,6.9
10635,1989,PhD,Divorced,68042,1,0,15-05-2025,0,664,73,671,116,4,181,4,2,11,5,14,0,0,0,0,1,0,3,11,0,37,1,1709,22,77.68,0.091,0.227,0.5,0.182,1,15,67,2063.62,Middle,Digitally Engaged,Catalog,17,59.5,0.568,685.53,Targeted Campaign,7.3
10636,1974,Basic,Married,101452,1,2,14-12-2018,92,1101,112,457,81,119,38,2,6,7,5,3,0,0,0,0,0,0,3,11,0,52,3,1908,20,95.4,0.3,0.25,0.35,0.1,0,92,49,3663.36,Upper-Middle,High Value,Catalog,100,86,0.188,666.18,Retention Offer,4.3
10637,1975,Graduation,Married,101800,1,0,18-01-2024,2,664,104,714,78,79,185,5,7,3,3,1,0,0,1,0,0,0,3,11,0,51,1,1824,18,101.33,0.389,0.167,0.167,0.278,1,31,46,2508.91,Upper-Middle,High Value,Web,38,59.5,0.511,727.09,Targeted Campaign,7.6
10638,1950,Master,Single,64151,1,0,15-02-2021,32,565,30,434,115,92,107,7,4,11,6,18,0,0,0,0,0,0,3,11,0,76,1,1343,28,47.96,0.143,0.214,0.393,0.25,0,66,77,2229.38,Middle,Digitally Engaged,Catalog,35,89,0.378,522.73,Regular Engagement,8.2
10639,1952,Graduation,Married,68487,0,1,12-11-2024,13,780,67,677,197,61,79,2,8,3,8,12,0,0,0,0,0,0,3,11,0,74,1,1861,21,88.62,0.381,0.381,0.143,0.095,0,21,79,2251.81,Middle,High Value,Web,29.8,52.5,0.422,613.34,Premium Upsell,10
10640,1949,Graduation,Single,21896,1,0,20-08-2023,92,502,0,154,0,35,94,0,5,3,7,6,0,0,0,0,0,0,3,11,0,77,1,785,15,52.33,0.333,0.467,0.2,0,0,36,52,1067.6,Low,At Risk,Store,98,48,0.196,321.44,Retention Offer,5.7
10641,1965,Graduation,Married,67288,1,0,18-01-2018,33,1054,78,419,138,77,72,4,12,0,10,7,0,0,0,0,0,0,3,11,0,61,1,1838,26,70.69,0.462,0.385,0,0.154,0,103,83,3731.14,Middle,High Value,Web,52.2,100,0.392,516.49,Premium Upsell,6.4
10642,1992,PhD,Single,8000,0,0,18-12-2019,26,485,126,133,52,0,22,6,7,9,0,17,0,0,0,0,0,0,3,11,0,34,0,818,22,37.18,0.318,0,0.409,0.273,0,80,97,1472.4,Low,Digitally Engaged,Catalog,32,84,0.44,180.22,Regular Engagement,7.7
10643,1986,PhD,Together,53254,0,1,22-11-2025,77,560,100,277,119,47,92,2,2,11,5,19,0,0,0,0,0,0,3,11,0,40,1,1195,20,59.75,0.1,0.25,0.55,0.1,0,9,79,1302.55,Middle,At Risk,Catalog,67.2,44.5,0.294,341.03,Retention Offer,6.7
10644,1991,Graduation,Married,25180,0,1,23-11-2019,45,253,89,468,116,0,62,5,9,11,10,1,0,0,0,0,0,0,3,11,0,35,1,988,35,28.23,0.257,0.286,0.314,0.143,0,81,57,1788.28,Low,Regular,Catalog,70.2,100,0.302,316.44,Retention Offer,6.9
10645,1961,Master,Divorced,41815,0,0,17-04-2025,35,548,51,405,141,68,44,3,8,6,3,20,0,0,0,0,0,0,3,11,0,65,0,1257,20,62.85,0.4,0.15,0.3,0.15,0,16,99,1458.12,Lower-Middle,Digitally Engaged,Web,34.2,48,0.428,410.21,Regular Engagement,7.9
10646,1966,Master,Divorced,69105,0,0,31-12-2020,56,1021,53,630,146,119,82,4,3,7,15,12,0,0,0,0,0,0,3,11,0,60,0,2051,29,70.72,0.103,0.517,0.241,0.138,0,68,56,3445.68,Middle,High Value,Store,62,92,0.278,599.02,Premium Upsell,7.3
10647,1998,Graduation,Single,71192,0,0,02-03-2022,72,708,67,671,129,130,103,6,3,5,15,12,0,0,0,0,0,0,3,11,0,28,0,1808,29,62.34,0.103,0.517,0.172,0.207,0,54,54,2784.32,Middle,High Value,Store,74,85,0.241,408.93,Retention Offer,3.1
10648,1984,Graduation,Widow,103040,0,1,17-07-2019,77,570,122,557,204,60,196,4,13,9,9,12,0,0,0,0,0,0,3,11,1,42,1,1709,35,48.83,0.371,0.257,0.257,0.114,0,85,96,3161.65,Upper-Middle,At Risk,Web,69.8,100,0.336,700.63,Retention Offer,8.9
10649,1983,Graduation,Divorced,71562,1,1,19-09-2019,62,589,47,577,122,76,8,0,5,9,9,13,0,0,0,0,0,0,3,11,0,43,2,1419,23,61.7,0.217,0.391,0.391,0,0,83,69,2596.77,Middle,Digitally Engaged,Catalog,65,87.5,0.298,482.12,Regular Engagement,7.1
10650,1974,Master,Married,49339,0,1,18-03-2018,70,420,135,535,152,95,51,5,8,2,9,17,0,0,0,0,0,0,3,11,0,52,1,1388,24,57.83,0.333,0.375,0.083,0.208,0,101,96,2789.88,Lower-Middle,Digitally Engaged,Store,65,98.5,0.35,533.24,Regular Engagement,6.6
10651,1950,Graduation,Married,84180,0,0,28-02-2025,29,749,72,635,167,86,160,4,11,11,1,6,0,0,0,0,1,0,3,11,0,76,0,1869,27,69.22,0.407,0.037,0.407,0.148,1,18,78,2315.69,Upper-Middle,High Value,Web,50.8,71,0.537,482.65,Targeted Campaign,6.9
10652,1986,Master,Single,14179,1,1,06-05-2026,12,321,32,452,0,68,75,0,4,5,11,6,0,0,0,0,1,0,3,11,0,40,2,948,20,47.4,0.2,0.55,0.25,0,1,3,39,1025.26,Low,Regular,Store,38,49.5,0.474,347.51,Targeted Campaign,7
10653,1965,Master,Single,115614,0,0,21-05-2021,45,735,146,725,163,145,110,7,6,4,4,11,0,0,0,0,0,0,3,11,0,61,0,2024,21,96.38,0.286,0.19,0.19,0.333,0,63,70,3299.12,Upper-Middle,High Value,Web,55.2,73.5,0.335,465.53,Premium Upsell,6.3
10654,1962,PhD,Married,8000,0,1,07-09-2023,9,146,49,0,131,37,71,7,5,3,12,5,0,0,0,0,0,1,3,11,0,64,1,434,27,16.07,0.185,0.444,0.111,0.259,0,35,42,585.9,Low,Regular,Store,52.2,71.5,0.237,147.11,Regular Engagement,4.8
10655,1985,Master,Married,84738,1,0,11-12-2025,87,653,114,712,147,81,60,1,3,2,12,12,0,0,0,0,0,0,3,11,0,41,1,1767,18,98.17,0.167,0.667,0.111,0.056,0,8,49,1908.36,Upper-Middle,At Risk,Store,85.2,40,0.198,485.08,Retention Offer,4.7
10656,1971,Basic,Single,81143,0,0,07-03-2025,66,765,20,138,150,122,128,5,12,9,9,13,0,0,0,0,0,0,3,11,1,55,0,1323,35,37.8,0.343,0.257,0.257,0.143,0,17,100,1547.91,Upper-Middle,Digitally Engaged,Web,60,78.5,0.368,264.02,Regular Engagement,8.6
10657,1954,Graduation,Widow,47063,1,0,23-06-2022,92,705,53,484,54,44,152,0,11,9,5,11,0,0,0,0,0,0,3,11,0,72,1,1492,25,59.68,0.44,0.2,0.36,0,0,50,82,2238,Lower-Middle,At Risk,Web,90.5,75,0.271,448.12,Retention Offer,6.1
10658,1995,Graduation,Divorced,51169,1,0,23-07-2023,1,451,62,582,105,37,0,0,13,2,12,7,0,0,1,0,0,0,3,11,0,31,1,1237,27,45.81,0.481,0.444,0.074,0,1,37,76,1779.42,Middle,Digitally Engaged,Web,28.2,80.5,0.588,361.15,Targeted Campaign,6.7
10659,1967,Basic,Married,19581,0,0,16-05-2024,6,597,44,46,90,41,72,5,0,4,6,1,0,0,1,0,0,0,3,11,0,59,0,890,15,59.33,0,0.4,0.267,0.333,1,27,13,1186.82,Low,Regular,Store,41,51.5,0.42,355.05,Regular Engagement,8.5
10660,1990,Graduation,Together,67900,1,1,30-12-2019,12,250,129,228,116,81,137,1,8,9,10,11,0,0,0,0,0,0,3,11,1,36,2,941,28,33.61,0.286,0.357,0.321,0.036,0,80,66,1693.8,Middle,Digitally Engaged,Store,22.5,96,0.391,257.82,Regular Engagement,7.7
10661,1967,Graduation,Married,80928,1,0,01-06-2023,51,978,66,563,194,59,50,4,14,2,6,14,1,0,0,0,1,0,3,11,1,59,1,1910,26,73.46,0.538,0.231,0.077,0.154,2,39,100,2920.39,Upper-Middle,Champions,Web,47.2,87.5,0.698,798.66,Targeted Campaign,9.1
10662,1962,Graduation,Single,48244,0,1,06-07-2023,33,226,71,490,61,104,104,5,13,0,3,7,0,0,0,0,0,0,3,11,0,64,1,1056,21,50.29,0.619,0.143,0,0.238,0,37,78,1446.72,Lower-Middle,Digitally Engaged,Web,52.2,60.5,0.379,229.5,Regular Engagement,9
10663,1989,Basic,Married,77470,2,1,26-11-2020,47,541,135,515,170,9,125,1,13,0,9,17,0,1,0,0,0,0,3,11,1,37,3,1495,23,65,0.565,0.391,0,0.043,1,69,100,2652.88,Middle,Digitally Engaged,Web,39.8,88.5,0.556,614.36,Targeted Campaign,9.3
10664,1994,Basic,Single,85246,0,1,20-03-2022,81,672,24,311,171,126,124,0,10,7,9,15,0,0,0,0,0,0,3,11,0,32,1,1428,26,54.92,0.385,0.346,0.269,0,0,53,97,2184.84,Upper-Middle,At Risk,Web,76.2,78.5,0.33,413.92,Retention Offer,6.1
10665,1962,Graduation,Married,41437,1,0,07-04-2024,2,385,16,600,83,92,83,0,1,7,7,9,0,0,0,0,0,0,3,11,0,64,1,1259,15,83.93,0.067,0.467,0.467,0,0,28,32,1611.52,Lower-Middle,Regular,Catalog,26,44,0.326,414.1,Regular Engagement,6.9
10666,1967,PhD,Divorced,90273,1,1,07-01-2020,27,1089,80,633,123,126,92,3,4,9,5,7,1,0,0,0,0,0,3,11,0,59,2,2143,21,102.05,0.19,0.238,0.429,0.143,1,79,41,4027.77,Upper-Middle,High Value,Catalog,47.8,89.5,0.448,889.15,Premium Upsell,6.7
10667,1975,Graduation,Single,78400,0,1,30-03-2024,63,556,56,262,126,126,99,7,10,11,5,4,0,0,0,0,0,0,3,11,0,51,1,1225,33,37.12,0.303,0.152,0.333,0.212,0,29,54,1580.25,Middle,Regular,Catalog,79.2,80.5,0.259,360.85,Retention Offer,5
10668,1983,PhD,Single,66805,1,0,17-07-2021,39,965,40,581,146,79,118,6,7,8,5,19,0,0,0,0,1,0,3,11,0,43,1,1929,26,74.19,0.269,0.192,0.308,0.231,1,61,95,3260.97,Middle,High Value,Catalog,38.8,90.5,0.56,443.46,Targeted Campaign,7.2
10669,1973,Graduation,Single,87761,1,0,12-05-2024,57,1,97,112,179,68,188,5,1,0,6,10,0,0,0,0,0,0,3,11,0,53,1,645,12,53.75,0.083,0.5,0,0.417,0,27,44,819.15,Upper-Middle,Regular,Store,65.8,37.5,0.246,129.39,Retention Offer,5.8
10670,1984,Master,Single,74011,0,0,05-04-2021,62,256,124,558,267,188,149,2,4,7,2,19,0,0,0,0,0,0,3,11,0,42,0,1542,15,102.8,0.267,0.133,0.467,0.133,0,64,83,2528.88,Middle,Digitally Engaged,Catalog,56,62,0.334,369.39,Regular Engagement,6.2
10671,1991,Graduation,Single,42795,2,0,23-05-2019,62,515,21,42,95,128,139,2,5,11,8,11,0,0,0,0,0,0,3,11,0,35,2,940,26,36.15,0.192,0.308,0.423,0.077,0,87,65,1757.8,Lower-Middle,Regular,Catalog,68,95.5,0.289,209.64,Retention Offer,7.2
10672,1967,Master,Together,45232,1,2,12-05-2026,87,294,95,439,160,61,112,1,9,4,15,5,0,0,0,0,0,0,3,11,0,59,3,1161,29,40.03,0.31,0.517,0.138,0.034,0,3,67,1195.83,Lower-Middle,At Risk,Store,95.8,59.5,0.244,434.75,Retention Offer,5.1
10673,1992,Master,Single,71361,0,0,23-07-2019,77,346,49,516,132,77,127,7,14,3,5,1,0,0,0,1,0,0,3,11,0,34,0,1247,29,43,0.483,0.172,0.103,0.241,1,85,72,2422.3,Middle,At Risk,Web,94.2,100,0.426,498.65,Retention Offer,5
10674,1991,Graduation,Together,97845,1,1,19-04-2025,83,685,80,766,259,101,159,0,9,4,9,18,0,0,0,1,0,0,3,11,0,35,2,2050,22,93.18,0.409,0.409,0.182,0,1,16,98,2496.9,Upper-Middle,High Value,Web,73.2,60,0.479,473.49,Retention Offer,7.3
10675,1999,Master,Married,70004,1,0,18-05-2020,91,523,109,493,155,85,190,7,6,7,1,18,0,0,0,0,0,0,3,11,0,27,1,1555,21,74.05,0.286,0.048,0.333,0.333,0,75,95,2721.25,Middle,At Risk,Catalog,79.2,79.5,0.306,417.4,Retention Offer,5.2
10676,1971,Graduation,Married,52790,1,2,29-12-2019,63,413,86,315,85,157,34,1,14,6,3,17,0,1,0,0,0,0,3,11,0,55,3,1090,24,45.42,0.583,0.125,0.25,0.042,1,80,100,2060.1,Middle,Digitally Engaged,Web,59.8,96,0.524,236.18,Targeted Campaign,7.3
10677,1992,Master,Together,65855,2,2,08-08-2020,51,491,76,235,145,106,103,1,13,6,2,13,1,0,0,0,0,0,3,11,0,34,4,1156,22,52.55,0.591,0.091,0.273,0.045,1,72,100,2087.74,Middle,Digitally Engaged,Web,56.8,88,0.548,349.89,Targeted Campaign,6.7
10678,1998,Graduation,Divorced,29292,2,0,14-04-2018,82,430,49,129,169,17,114,0,13,7,0,10,0,0,0,0,0,0,3,11,0,28,2,908,20,45.4,0.65,0,0.35,0,0,100,86,1816,Low,At Risk,Web,84.5,90,0.301,303.59,Retention Offer,5.8
10679,1997,Graduation,Married,98951,0,2,07-04-2023,46,862,95,729,145,89,213,3,8,11,6,10,0,0,0,0,1,0,3,11,0,29,2,2133,28,76.18,0.286,0.214,0.393,0.107,1,40,65,3135.51,Upper-Middle,High Value,Catalog,57.5,84,0.471,667.37,Targeted Campaign,6.1
10680,1997,Graduation,Married,106990,1,0,20-02-2023,17,946,66,631,181,110,212,1,3,9,13,3,1,0,0,0,0,0,3,11,1,29,1,2146,26,82.54,0.115,0.5,0.346,0.038,1,42,31,3199.69,Upper-Middle,Champions,Store,38.2,81,0.444,388.24,Premium Upsell,9.1
10681,1966,Graduation,Married,114578,0,0,06-02-2020,93,837,145,728,269,74,142,4,4,0,10,18,0,0,0,0,0,0,3,11,0,60,0,2195,18,121.94,0.222,0.556,0,0.222,0,78,85,3907.1,Upper-Middle,High Value,Store,80.8,75,0.276,774.13,Retention Offer,7
10682,1995,Master,Single,91131,0,2,27-02-2018,28,470,109,585,153,80,130,7,2,7,5,17,0,0,0,1,0,0,3,11,0,31,2,1527,21,72.71,0.095,0.238,0.333,0.333,1,102,72,3238.77,Upper-Middle,Digitally Engaged,Catalog,33.5,100,0.524,362.98,Targeted Campaign,7.1
10683,1969,Graduation,Single,44194,0,0,28-11-2018,85,335,5,171,24,71,140,3,2,5,2,14,0,0,0,0,0,0,3,11,0,57,0,746,12,62.17,0.167,0.167,0.417,0.25,0,93,50,1439.78,Lower-Middle,At Risk,Catalog,80.8,70.5,0.205,144.5,Retention Offer,5.4
10684,1995,Graduation,Single,60513,0,0,20-11-2025,54,471,102,441,79,50,161,3,11,2,7,12,1,0,0,0,0,0,3,11,0,31,0,1304,23,56.7,0.478,0.304,0.087,0.13,1,9,97,1492.43,Middle,Digitally Engaged,Web,60.5,58.5,0.534,435.02,Targeted Campaign,7.6
10685,1990,Master,Married,52495,1,2,04-11-2018,92,665,25,306,82,0,74,6,3,5,10,8,0,0,0,1,0,0,3,11,0,36,3,1152,24,48,0.125,0.417,0.208,0.25,1,93,38,2334.53,Middle,At Risk,Store,95,100,0.311,234.2,Retention Offer,6
10686,1953,Graduation,Married,77250,1,0,03-06-2026,14,455,103,171,126,144,114,4,10,6,5,2,0,0,1,0,0,0,3,11,1,73,1,1113,25,44.52,0.4,0.2,0.24,0.16,1,2,54,1192.02,Middle,Regular,Web,37.5,59,0.507,336.94,Targeted Campaign,8
10687,1952,PhD,Married,104674,0,0,29-08-2024,24,961,61,725,210,92,197,5,6,0,12,2,0,0,0,0,0,0,3,11,0,74,0,2246,23,97.65,0.261,0.522,0,0.217,0,24,42,2785.04,Upper-Middle,High Value,Store,53,58,0.307,791.79,Premium Upsell,8.4
10688,1981,Master,Divorced,8000,1,0,07-12-2021,49,74,96,112,26,63,100,2,0,3,0,7,0,0,0,0,0,0,3,11,0,45,1,471,5,94.2,0,0,0.6,0.4,0,56,32,734.76,Low,Regular,Catalog,64.2,38,0.232,162.29,Regular Engagement,7
10689,1958,Master,Married,76566,0,0,08-12-2024,24,669,119,424,135,50,137,3,4,7,3,10,0,0,0,0,0,0,3,11,0,68,0,1534,17,90.24,0.235,0.176,0.412,0.176,0,20,63,1840.8,Middle,Regular,Catalog,41,44,0.36,366.29,Regular Engagement,8.1
10690,1986,Graduation,Together,71764,1,1,08-02-2019,96,566,109,558,73,113,115,2,1,1,5,15,1,0,0,0,0,0,3,11,0,40,2,1534,9,170.44,0.111,0.556,0.111,0.222,1,90,55,3060.33,Middle,At Risk,Store,87.5,71,0.346,342.27,Retention Offer,6.1
10691,1988,Graduation,Married,72672,0,0,18-05-2026,9,756,100,425,118,79,180,4,0,1,8,13,0,0,0,0,0,0,3,11,0,38,0,1658,13,127.54,0,0.615,0.077,0.308,0,3,51,1707.74,Middle,Regular,Store,25.2,27.5,0.36,656.31,Regular Engagement,8.8
10692,1974,Graduation,Divorced,84171,0,0,24-07-2023,47,876,49,486,187,77,169,1,12,1,10,12,0,0,0,1,0,0,3,11,1,52,0,1844,24,76.83,0.5,0.417,0.042,0.042,1,37,93,2652.59,Upper-Middle,Champions,Web,47.2,74.5,0.538,572,Targeted Campaign,8
10693,1988,Master,Widow,38246,0,1,30-03-2021,22,443,24,592,191,72,0,1,13,2,6,11,0,0,0,0,0,1,3,11,0,38,1,1322,22,60.09,0.591,0.273,0.091,0.045,0,65,97,2181.3,Lower-Middle,Digitally Engaged,Web,53,76.5,0.349,521.47,Regular Engagement,3.8
10694,1974,Graduation,Married,92374,0,2,08-06-2025,7,635,134,592,34,66,65,6,7,6,14,20,0,0,0,0,0,0,3,11,1,52,2,1526,33,46.24,0.212,0.424,0.182,0.182,0,14,100,1739.64,Upper-Middle,Digitally Engaged,Store,5.2,73,0.486,400.12,Targeted Campaign,8.7
10695,1976,Graduation,Married,73876,0,1,17-09-2018,31,794,96,623,59,124,70,6,0,7,8,2,0,1,0,0,0,0,3,11,0,50,1,1766,21,84.1,0,0.381,0.333,0.286,1,95,13,3615.88,Middle,Regular,Store,58.2,97.5,0.371,347.19,Regular Engagement,9.1
10696,1956,Master,Divorced,58175,0,0,30-01-2023,72,447,84,0,149,134,53,6,13,11,5,18,0,0,1,0,0,0,3,11,1,70,0,867,35,24.77,0.371,0.143,0.314,0.171,1,43,100,1301.8,Middle,At Risk,Web,57,99.5,0.506,266.47,Targeted Campaign,7.8
10697,1977,Graduation,Single,64874,0,0,21-08-2022,22,653,49,437,93,57,28,1,7,4,6,19,0,0,0,1,0,0,3,11,0,49,0,1317,18,73.17,0.389,0.333,0.222,0.056,1,48,100,2046.62,Middle,Digitally Engaged,Web,26,68,0.606,317.57,Targeted Campaign,7.3
10698,1954,Graduation,Together,51371,0,0,02-11-2024,48,567,50,454,27,37,119,4,8,2,14,2,0,0,1,0,0,0,3,11,0,72,0,1254,28,44.79,0.286,0.5,0.071,0.143,1,21,54,1593.21,Middle,Regular,Store,71,74.5,0.439,287.09,Retention Offer,7.6
10699,1979,Graduation,Divorced,66969,0,1,09-09-2018,28,529,65,384,80,111,77,6,2,10,3,14,0,0,1,0,0,1,3,11,0,47,1,1246,21,59.33,0.095,0.143,0.476,0.286,1,95,62,2551.18,Middle,Regular,Catalog,53,97.5,0.399,326.08,Regular Engagement,1.8
10700,1988,Graduation,Divorced,81694,0,1,10-06-2024,54,552,101,716,196,149,116,6,3,11,9,17,0,0,0,0,0,0,3,11,0,38,1,1830,29,63.1,0.103,0.31,0.379,0.207,0,26,68,2305.8,Upper-Middle,High Value,Catalog,53,71,0.312,456.75,Premium Upsell,6.9
10701,1987,Graduation,Single,25995,1,0,03-01-2018,99,562,84,103,98,23,67,1,1,10,3,13,0,0,0,0,0,0,3,11,0,39,1,937,15,62.47,0.067,0.2,0.667,0.067,0,103,61,1902.11,Low,At Risk,Catalog,92.8,81.5,0.205,371.75,Retention Offer,6.7
10702,1953,Graduation,Married,53959,0,2,06-01-2019,72,612,128,473,115,97,177,5,7,5,7,13,0,0,0,0,0,0,3,11,0,73,2,1602,24,66.75,0.292,0.292,0.208,0.208,0,91,72,3059.82,Middle,At Risk,Web,72.5,93.5,0.286,318.78,Retention Offer,7.1
10703,1989,PhD,Married,50314,0,0,02-12-2023,48,341,65,329,120,108,54,7,3,9,12,4,0,0,0,0,0,0,3,11,0,37,0,1017,31,32.81,0.097,0.387,0.29,0.226,0,32,33,1342.44,Middle,Regular,Store,68,78,0.236,353.15,Retention Offer,7.8
10704,1985,Master,Single,63215,1,0,30-01-2023,17,364,82,198,233,39,46,6,7,5,5,7,0,0,0,0,0,0,3,11,0,41,1,962,23,41.83,0.304,0.217,0.217,0.261,0,43,66,1375.66,Middle,Digitally Engaged,Web,40.2,67.5,0.381,360.92,Regular Engagement,9.1
10705,1953,Graduation,Together,55794,1,0,30-01-2019,33,752,46,387,117,18,74,1,5,6,3,7,0,1,1,0,0,0,3,11,1,73,1,1394,15,92.93,0.333,0.2,0.4,0.067,2,91,56,2928.79,Middle,Regular,Catalog,44.2,91.5,0.624,442.12,Targeted Campaign,7.3
10706,1949,Master,Married,11660,0,0,16-11-2020,16,705,0,153,58,57,0,4,1,5,0,7,0,0,0,0,0,0,3,11,0,77,0,973,10,97.3,0.1,0,0.5,0.4,0,69,28,1644.37,Low,Regular,Catalog,39.5,54.5,0.288,301.91,Regular Engagement,8.4
10707,1981,Basic,Married,78087,1,1,11-10-2019,17,648,103,607,148,145,19,2,9,4,9,5,0,0,0,0,0,0,3,11,1,45,2,1670,24,69.58,0.375,0.375,0.167,0.083,0,82,57,3039.4,Middle,Regular,Web,35.2,89,0.359,697.77,Regular Engagement,10
10708,1968,Master,Married,99796,2,1,24-01-2026,68,741,48,549,242,64,95,3,1,6,4,12,0,0,0,0,0,0,3,11,0,58,3,1739,14,124.21,0.071,0.286,0.429,0.214,0,7,57,1860.73,Upper-Middle,Regular,Catalog,71,31.5,0.256,620.89,Retention Offer,6.5
10709,1972,Graduation,Married,43383,1,1,01-10-2022,70,652,45,512,62,99,145,0,5,1,1,9,0,0,0,0,0,0,3,11,0,54,2,1515,7,216.43,0.714,0.143,0.143,0,0,47,50,2227.05,Lower-Middle,Regular,Web,77,37.5,0.235,582.53,Retention Offer,5.9
10710,1946,Master,Together,69114,1,1,11-06-2024,35,517,80,296,178,77,185,6,8,3,2,14,0,0,0,1,0,0,3,11,0,80,2,1333,19,70.16,0.421,0.105,0.158,0.316,1,26,76,1763.56,Middle,Digitally Engaged,Web,43.2,59,0.52,442.51,Targeted Campaign,7.7
10711,1958,PhD,Together,43658,2,2,02-11-2018,7,272,76,293,139,84,88,2,7,11,11,13,0,0,0,0,0,0,3,11,0,68,4,952,31,30.71,0.226,0.355,0.355,0.065,0,93,81,1837.36,Lower-Middle,Digitally Engaged,Catalog,23.8,100,0.438,335.58,Regular Engagement,10
10712,1981,PhD,Single,70164,0,0,07-11-2018,58,758,75,115,122,133,103,1,4,7,15,9,0,0,0,0,0,0,3,11,0,45,0,1306,27,48.37,0.148,0.556,0.259,0.037,0,93,52,2520.58,Middle,Regular,Store,68,100,0.264,352.23,Retention Offer,4.6
10713,1980,Graduation,Married,57883,2,0,24-11-2025,85,537,97,517,138,56,47,5,10,4,4,6,0,0,0,0,0,0,3,11,0,46,2,1392,23,60.52,0.435,0.174,0.174,0.217,0,9,69,1517.28,Middle,At Risk,Web,92.8,50.5,0.252,379.31,Retention Offer,7.2
10714,1961,Basic,Single,96915,0,0,05-10-2020,91,992,127,249,129,30,122,1,3,6,13,14,0,0,0,0,0,0,3,11,0,65,0,1649,23,71.7,0.13,0.565,0.261,0.043,0,70,55,2803.3,Upper-Middle,At Risk,Store,85.2,81,0.206,329.18,Retention Offer,4.7
10715,1964,Basic,Single,47670,1,1,28-02-2020,48,561,45,575,157,35,98,3,9,7,6,15,0,0,1,1,1,0,3,11,1,62,2,1471,25,58.84,0.36,0.24,0.28,0.12,3,78,81,3011.14,Lower-Middle,Digitally Engaged,Web,43.5,100,0.806,405.81,Targeted Campaign,7.4
10716,1971,Graduation,Single,83397,0,1,10-09-2021,12,834,54,500,143,69,172,1,6,11,3,18,0,0,0,1,0,0,3,11,1,55,1,1772,21,84.38,0.286,0.143,0.524,0.048,1,59,80,2958.35,Upper-Middle,Digitally Engaged,Catalog,12,79.5,0.576,476.93,Targeted Campaign,8.7
10717,1964,Graduation,Together,42837,0,0,10-05-2020,91,385,72,208,59,89,152,5,7,6,11,15,0,0,1,1,0,0,3,11,0,62,0,965,29,33.28,0.241,0.379,0.207,0.172,2,75,75,1857.63,Lower-Middle,At Risk,Store,83.8,100,0.556,198.36,Retention Offer,5
10718,1961,Graduation,Together,48223,0,1,28-03-2026,77,626,69,453,168,36,77,5,3,10,12,6,0,0,0,0,0,0,3,11,0,65,1,1429,30,47.63,0.1,0.4,0.333,0.167,0,5,42,1500.45,Lower-Middle,At Risk,Store,86.8,62.5,0.201,259.32,Retention Offer,6.9
10719,1962,PhD,Married,67527,2,0,26-02-2021,71,547,83,474,132,39,62,7,7,11,10,16,0,0,0,0,0,0,3,11,0,64,2,1337,35,38.2,0.2,0.286,0.314,0.2,0,66,94,2219.42,Middle,At Risk,Catalog,67.2,100,0.343,266.82,Retention Offer,5.2
10720,1973,Graduation,Single,15625,0,2,26-04-2024,69,542,57,0,46,19,2,3,8,4,14,17,1,0,0,0,0,0,3,11,0,53,2,666,29,22.97,0.276,0.483,0.138,0.103,1,28,100,895.1,Low,Digitally Engaged,Store,64.2,80,0.512,227.93,Targeted Campaign,5.5
10721,1976,Graduation,Single,37881,0,0,02-12-2025,6,742,7,436,32,100,4,2,8,6,14,10,0,0,0,0,0,0,3,11,0,50,0,1321,30,44.03,0.267,0.467,0.2,0.067,0,8,67,1426.68,Lower-Middle,Digitally Engaged,Store,27.5,64,0.406,506.09,Regular Engagement,8.8
10722,1981,Master,Single,88951,1,0,23-01-2025,78,699,81,843,135,58,136,3,7,11,10,7,0,0,0,0,0,0,3,11,0,45,1,1952,31,62.97,0.226,0.323,0.355,0.097,0,19,51,2322.88,Upper-Middle,High Value,Catalog,86,71.5,0.221,666.6,Retention Offer,8
10723,1958,Master,Divorced,43814,1,0,15-01-2022,70,466,109,49,137,80,72,5,1,8,10,17,0,0,0,0,0,0,3,11,0,68,1,913,24,38.04,0.042,0.417,0.333,0.208,0,55,64,1415.15,Lower-Middle,Regular,Store,65,75.5,0.27,287.21,Regular Engagement,7.5
10724,1954,Graduation,Married,24118,0,0,18-07-2019,19,91,32,291,51,0,43,5,1,8,1,18,0,0,1,0,0,0,3,11,0,72,0,508,15,33.87,0.067,0.067,0.533,0.333,1,85,58,986.79,Low,Regular,Catalog,25.2,80.5,0.507,169.49,Targeted Campaign,8.1
10725,1962,Graduation,Single,21439,1,0,27-09-2018,26,731,59,465,28,146,78,3,3,3,7,16,1,0,0,0,0,0,3,11,0,64,1,1507,16,94.19,0.188,0.438,0.188,0.188,1,95,60,3085.58,Low,Regular,Store,33.5,87.5,0.498,487.22,Targeted Campaign,7.6
10726,1988,Graduation,Divorced,66606,1,1,05-11-2022,21,982,54,379,151,0,0,3,9,9,13,17,0,0,0,0,0,0,3,11,1,38,2,1566,34,46.06,0.265,0.382,0.265,0.088,0,45,91,2270.7,Middle,Digitally Engaged,Store,20.2,90.5,0.436,355.77,Regular Engagement,9.1
10727,1991,Master,Divorced,47508,2,0,03-10-2019,21,754,95,41,91,82,61,7,2,9,3,2,0,0,0,0,0,0,3,11,0,35,2,1124,21,53.52,0.095,0.143,0.429,0.333,0,82,17,2045.68,Lower-Middle,Regular,Catalog,50.8,83,0.25,305.98,Regular Engagement,7.7
10728,1988,Graduation,Married,65629,0,0,06-03-2024,39,389,79,440,247,93,112,6,2,5,4,13,0,0,1,0,0,1,3,11,0,38,0,1360,17,80,0.118,0.235,0.294,0.353,1,29,53,1842.12,Middle,Regular,Catalog,62.8,56.5,0.355,324.17,Regular Engagement,3.5
10729,1966,Master,Married,8000,1,0,19-01-2024,38,325,8,328,0,0,0,2,0,5,15,5,0,0,0,0,0,0,3,11,0,60,1,661,22,30.05,0,0.682,0.227,0.091,0,31,25,865.91,Low,Regular,Store,59,59.5,0.236,141.37,Regular Engagement,8.1
10730,1997,Graduation,Single,40115,0,1,10-07-2020,94,335,107,182,117,34,0,7,14,8,1,20,0,0,0,0,0,0,3,11,0,29,1,775,30,25.83,0.467,0.033,0.267,0.233,0,73,100,1340.75,Lower-Middle,At Risk,Web,78.5,96.5,0.312,277.59,Retention Offer,7.3
10731,1976,Graduation,Married,40634,2,2,17-11-2020,98,522,0,0,183,57,75,5,9,3,13,10,0,0,0,0,0,0,3,11,0,50,4,837,30,27.9,0.3,0.433,0.1,0.167,0,69,71,1414.53,Lower-Middle,At Risk,Store,96.5,94.5,0.231,194.07,Retention Offer,4.7
10732,1966,PhD,Single,86320,0,1,12-01-2026,6,645,60,201,134,90,121,2,8,3,4,15,1,0,0,0,0,0,3,11,0,60,1,1251,17,73.59,0.471,0.235,0.176,0.118,1,7,94,1405.5,Upper-Middle,Digitally Engaged,Web,20,45.5,0.623,456.36,Targeted Campaign,6.8
10733,1977,Graduation,Single,90042,0,1,21-02-2019,59,682,118,301,71,75,93,3,13,11,6,2,0,0,1,0,0,0,3,11,0,49,1,1340,33,40.61,0.394,0.182,0.333,0.091,1,90,72,2673.3,Upper-Middle,Digitally Engaged,Web,79.2,100,0.462,399.01,Retention Offer,4.7
10734,1993,Master,Divorced,83388,2,0,31-12-2019,17,309,54,645,129,84,237,6,2,5,15,1,0,0,0,0,0,0,3,11,1,33,2,1458,28,52.07,0.071,0.536,0.179,0.214,0,80,20,2624.4,Upper-Middle,Regular,Store,41.2,96,0.266,267.49,Regular Engagement,9.7
10735,1969,Graduation,Single,8000,2,1,13-07-2024,46,328,0,71,0,0,0,1,11,0,13,18,0,0,0,0,1,0,3,11,0,57,3,399,25,15.96,0.44,0.52,0,0.04,1,25,100,523.69,Low,Digitally Engaged,Store,45.5,70.5,0.558,87.03,Targeted Campaign,7.1
10736,1950,Graduation,Single,88848,0,0,03-04-2025,0,885,47,470,119,133,39,6,1,5,5,4,0,0,0,0,0,0,3,11,0,76,0,1693,17,99.59,0.059,0.294,0.294,0.353,0,16,22,1963.88,Upper-Middle,Regular,Catalog,32,42,0.305,426.98,Regular Engagement,7.6
10737,1962,Graduation,Single,99407,0,2,08-12-2025,9,694,82,630,178,115,77,3,14,10,8,10,0,0,0,0,0,0,3,11,0,64,2,1776,35,50.74,0.4,0.229,0.286,0.086,0,8,95,1918.08,Upper-Middle,High Value,Web,29.8,74,0.47,656.74,Targeted Campaign,7.4
10738,2000,Graduation,Single,39696,0,1,08-09-2024,31,299,59,0,43,110,151,3,1,7,8,16,0,0,0,0,0,0,3,11,0,26,1,662,19,34.84,0.053,0.421,0.368,0.158,0,23,67,814.26,Lower-Middle,Digitally Engaged,Store,37.2,49.5,0.356,193.81,Regular Engagement,7.1
10739,1971,Graduation,Single,71773,0,2,07-11-2022,74,472,38,402,207,54,21,7,6,4,15,7,0,0,0,0,1,0,3,11,0,55,2,1194,32,37.31,0.188,0.469,0.125,0.219,1,45,58,1817.86,Middle,At Risk,Store,83,94.5,0.397,491.5,Retention Offer,7.3
10740,1956,Graduation,Divorced,76126,0,0,29-12-2025,22,545,94,396,195,63,66,3,2,2,10,15,1,0,0,0,0,0,3,11,1,70,0,1359,17,79.94,0.118,0.588,0.118,0.176,1,8,68,1541.11,Middle,Digitally Engaged,Store,24,46,0.526,555.59,Targeted Campaign,8.3
10741,1994,Master,Divorced,51058,1,0,17-03-2018,72,442,79,366,157,60,35,3,2,10,15,17,1,0,0,0,0,0,3,11,1,32,1,1139,30,37.97,0.067,0.5,0.333,0.1,1,101,65,2403.86,Middle,At Risk,Store,58.5,100,0.419,430.45,Regular Engagement,9.4
10742,1965,Master,Widow,67293,0,1,29-11-2024,64,516,95,408,103,70,155,1,10,4,11,8,1,0,0,0,0,0,3,11,0,61,1,1347,26,51.81,0.385,0.423,0.154,0.038,1,21,73,1711.36,Middle,Digitally Engaged,Store,74,70.5,0.454,441.14,Retention Offer,8.3
10743,1962,PhD,Married,39307,1,0,12-12-2019,84,873,23,216,51,93,31,7,8,6,4,4,0,0,0,0,0,0,3,11,0,64,1,1287,25,51.48,0.32,0.16,0.24,0.28,0,80,51,2316.6,Lower-Middle,At Risk,Web,95,90,0.21,352.47,Retention Offer,7
10744,1950,Graduation,Widow,68121,1,1,20-08-2023,49,503,88,342,83,103,107,7,4,7,13,11,0,0,0,0,0,0,3,11,0,76,2,1226,31,39.55,0.129,0.419,0.226,0.226,0,36,61,1667.36,Middle,Regular,Store,58.2,80,0.304,246.74,Regular Engagement,6.5
10745,1997,PhD,Divorced,59558,2,0,22-11-2023,29,537,41,394,94,59,176,5,11,1,0,2,0,0,0,0,0,0,3,11,0,29,2,1301,17,76.53,0.647,0,0.059,0.294,0,33,67,1730.33,Middle,Digitally Engaged,Web,56.8,50.5,0.36,516.99,Regular Engagement,7.5
10746,1991,PhD,Married,71420,1,0,26-04-2023,39,781,75,324,161,77,87,5,7,10,13,17,0,0,0,0,0,0,3,11,0,35,1,1505,35,43,0.2,0.371,0.286,0.143,0,40,92,2107,Middle,Digitally Engaged,Store,41.8,90,0.402,495.8,Regular Engagement,7.7
10747,1966,Graduation,Married,120095,1,0,21-05-2022,12,901,118,884,226,130,41,5,11,3,2,7,0,0,0,0,0,0,3,11,0,60,1,2300,21,109.52,0.524,0.095,0.143,0.238,0,51,71,3473,High,High Value,Web,36.5,67.5,0.403,707.67,Premium Upsell,8.4
10748,1972,Graduation,Married,31948,0,0,03-08-2019,20,275,104,481,172,101,65,1,5,0,9,5,0,0,0,0,0,0,3,11,0,54,0,1198,15,79.87,0.333,0.6,0,0.067,0,84,42,2204.32,Lower-Middle,Regular,Store,45.5,72,0.315,237.63,Regular Engagement,8.1
10749,1959,Graduation,Single,99019,0,0,07-10-2025,82,667,131,646,71,103,219,5,10,2,10,17,0,0,0,0,0,0,3,11,0,67,0,1837,27,68.04,0.37,0.37,0.074,0.185,0,10,100,2020.7,Upper-Middle,High Value,Web,74,59,0.336,387.33,Retention Offer,6.7
10750,1998,Master,Together,66470,1,0,09-10-2018,21,598,97,386,217,72,91,2,0,9,0,12,0,0,0,0,0,0,3,11,0,28,1,1461,11,132.82,0,0,0.818,0.182,0,94,36,2834.34,Middle,Regular,Catalog,35.8,69,0.298,502.38,Regular Engagement,8
10751,1996,Graduation,Married,64121,0,0,19-05-2018,28,667,119,380,197,71,132,7,2,11,15,11,0,0,0,0,0,0,3,11,0,30,0,1566,35,44.74,0.057,0.429,0.314,0.2,0,99,51,3116.34,Middle,Regular,Store,42.5,100,0.322,479.78,Regular Engagement,8.6
10752,1953,Graduation,Married,8000,0,0,14-07-2021,46,113,8,330,29,27,79,4,9,2,14,16,0,0,0,0,0,0,3,11,0,73,0,586,29,20.21,0.31,0.483,0.069,0.138,0,61,96,943.46,Low,Digitally Engaged,Store,48.5,88.5,0.398,139.81,Regular Engagement,6.8
10753,1958,Master,Together,92873,0,1,30-05-2024,26,895,71,551,167,168,139,3,8,8,5,17,0,0,0,0,0,0,3,11,0,68,1,1991,24,82.96,0.333,0.208,0.333,0.125,0,27,99,2528.57,Upper-Middle,High Value,Web,32,61.5,0.446,375.43,Premium Upsell,7
10754,1994,Master,Married,29077,1,1,18-06-2021,20,605,52,138,122,78,144,7,9,4,11,6,0,0,1,0,0,1,3,11,0,32,2,1139,31,36.74,0.29,0.355,0.129,0.226,1,62,68,1937.44,Low,Digitally Engaged,Store,59,100,0.43,218.28,Regular Engagement,3.9
10755,1957,Graduation,Single,35517,0,0,28-01-2026,34,337,86,353,110,31,19,7,13,2,7,12,0,0,0,1,0,0,3,11,0,69,0,936,29,32.28,0.448,0.241,0.069,0.241,1,7,100,1051.6,Lower-Middle,Digitally Engaged,Web,45.5,69.5,0.582,340.27,Targeted Campaign,6.9
10756,1965,Master,Married,55672,0,0,19-09-2020,25,539,87,446,148,0,78,4,7,4,9,6,0,0,0,0,0,0,3,11,0,61,0,1298,24,54.08,0.292,0.375,0.167,0.167,0,71,50,2219.58,Middle,Regular,Store,47.8,83.5,0.325,280.5,Regular Engagement,7
10757,1990,Graduation,Single,54064,0,1,24-11-2022,37,677,75,434,207,164,51,5,6,1,0,2,0,0,1,0,0,0,3,11,0,36,1,1608,12,134,0.5,0,0.083,0.417,1,45,34,2448.18,Middle,Regular,Web,62.8,54.5,0.411,575.84,Regular Engagement,7.1
10758,1958,Graduation,Married,37889,0,2,18-07-2021,55,401,103,150,85,23,48,3,13,7,5,13,1,0,0,1,0,0,3,11,0,68,2,810,28,28.93,0.464,0.179,0.25,0.107,2,61,95,1434.51,Lower-Middle,Digitally Engaged,Web,59.8,100,0.677,160.72,Targeted Campaign,6.6
10759,1992,Graduation,Single,107368,1,1,09-02-2019,2,392,119,416,179,112,253,7,0,9,12,7,0,0,0,0,0,0,3,11,0,34,2,1471,28,52.54,0,0.429,0.321,0.25,0,90,31,2794.9,Upper-Middle,Regular,Store,29,100,0.324,439.38,Regular Engagement,8.2
10760,1981,Graduation,Single,83991,1,0,13-01-2021,59,538,92,394,13,88,131,4,10,4,5,6,0,0,0,0,0,0,3,11,0,45,1,1256,23,54.61,0.435,0.217,0.174,0.174,0,67,66,2097.52,Upper-Middle,Digitally Engaged,Web,73.2,79.5,0.297,407.62,Retention Offer,7.1
10761,1955,PhD,Single,136221,2,2,08-03-2026,31,1423,112,549,202,162,258,0,5,9,9,14,0,0,0,1,0,0,3,11,0,71,4,2706,23,117.65,0.217,0.391,0.391,0,1,5,65,2983.36,High,High Value,Catalog,40.2,56.5,0.501,792.22,Targeted Campaign,7.5
10762,1946,Master,Single,41775,1,1,05-07-2019,74,335,86,114,43,73,67,5,10,2,8,20,0,0,0,0,0,0,3,11,0,80,2,718,25,28.72,0.4,0.32,0.08,0.2,0,85,100,1328.3,Lower-Middle,At Risk,Web,63.5,92.5,0.352,177.46,Regular Engagement,6.8
10763,1954,Graduation,Together,40490,1,0,21-01-2019,52,445,29,448,0,43,119,6,6,6,5,17,0,0,0,0,0,0,3,11,0,72,1,1084,23,47.13,0.261,0.217,0.261,0.261,0,91,76,2070.44,Lower-Middle,Digitally Engaged,Web,51.5,91.5,0.336,274.01,Regular Engagement,7.1
10764,1974,Graduation,Divorced,123134,1,1,12-11-2023,57,1245,134,599,290,180,116,6,5,1,1,3,0,0,0,1,0,0,3,11,1,52,2,2564,13,197.23,0.385,0.077,0.077,0.462,1,33,41,3580.63,High,Champions,Web,68.2,50.5,0.388,1048.53,Retention Offer,8
10765,1998,Graduation,Single,26297,0,1,24-07-2022,3,324,70,214,118,12,0,2,7,5,10,7,1,0,1,0,0,0,3,11,0,28,1,738,24,30.75,0.292,0.417,0.208,0.083,2,49,54,1209.58,Low,Regular,Store,29.8,88.5,0.679,140.11,Targeted Campaign,7.6
10766,1971,Graduation,Married,72796,1,2,20-03-2020,66,533,88,434,60,145,45,2,3,11,9,9,1,0,0,0,0,0,3,11,0,55,3,1305,25,52.2,0.12,0.36,0.44,0.08,1,77,39,2425.34,Middle,Regular,Catalog,74,96.5,0.366,371.33,Retention Offer,6.2
10767,1952,Master,Divorced,55408,1,0,02-06-2024,39,389,105,44,81,103,169,1,8,8,15,8,0,0,0,0,0,0,3,11,0,74,1,891,32,27.84,0.25,0.469,0.25,0.031,0,26,61,1122.66,Middle,Regular,Store,55.2,77,0.324,286.43,Regular Engagement,6.4
10768,1947,Graduation,Married,56813,1,0,30-10-2021,74,661,123,474,152,130,25,1,0,0,5,15,0,0,0,0,0,0,3,11,0,79,1,1565,6,260.83,0,0.833,0,0.167,0,58,47,2472.7,Middle,At Risk,Store,71,41,0.219,598.42,Retention Offer,6.2
10769,1955,Master,Married,22212,0,0,12-09-2021,2,232,19,202,0,101,0,7,3,2,7,14,0,0,0,1,0,0,3,11,0,71,0,554,19,29.16,0.158,0.368,0.105,0.368,1,59,64,924.9,Low,Regular,Store,18.5,75.5,0.556,111.03,Targeted Campaign,8.2
10770,1969,Graduation,Together,44326,1,0,29-11-2024,10,675,80,161,38,75,16,5,6,2,0,10,0,0,0,1,0,0,3,11,0,57,1,1045,13,80.38,0.462,0,0.154,0.385,1,21,62,1327.67,Lower-Middle,Regular,Web,30.5,44.5,0.535,220.98,Targeted Campaign,7.7
10771,1969,Master,Married,123518,2,0,05-05-2026,75,1101,93,592,197,186,300,7,11,11,0,8,0,0,0,0,0,0,3,11,1,57,2,2469,29,85.14,0.379,0,0.379,0.241,0,3,69,2543.07,High,Champions,Web,74.2,59.5,0.272,659.37,Retention Offer,7.3
10772,1962,Basic,Widow,69650,0,1,04-12-2018,7,915,90,570,109,60,151,6,13,5,3,1,1,0,0,0,0,0,3,11,0,64,1,1895,27,70.19,0.481,0.111,0.185,0.222,1,92,61,3820.32,Middle,High Value,Web,41.8,100,0.538,634.02,Targeted Campaign,7.5
10773,1979,Graduation,Single,110234,1,1,21-09-2018,83,1054,95,570,205,170,71,5,7,1,1,9,0,0,0,1,1,0,3,11,0,47,2,2165,14,154.64,0.5,0.071,0.071,0.357,2,95,64,4643.92,Upper-Middle,High Value,Web,86.8,91.5,0.544,629.33,Retention Offer,6
10774,1958,Graduation,Single,46046,0,1,18-05-2025,59,469,46,561,67,50,156,3,8,2,2,14,0,0,0,1,0,0,3,11,0,68,1,1349,15,89.93,0.533,0.133,0.133,0.2,1,15,79,1628.92,Lower-Middle,Digitally Engaged,Web,61.2,45.5,0.48,292.97,Targeted Campaign,6.7
10775,1959,PhD,Widow,69150,0,0,05-12-2019,36,347,70,646,272,112,65,7,7,4,9,5,0,0,0,0,0,0,3,11,0,67,0,1512,27,56,0.259,0.333,0.148,0.259,0,80,45,2721.6,Middle,Regular,Store,57.5,94,0.29,273.79,Regular Engagement,6.9
10776,1997,Master,Married,84548,1,1,22-02-2026,4,533,107,746,100,132,68,6,1,6,0,19,0,0,0,0,0,0,3,11,0,29,2,1686,13,129.69,0.077,0,0.462,0.462,0,6,62,1787.16,Upper-Middle,Regular,Catalog,12.5,29,0.397,392.89,Regular Engagement,6.6
10777,1974,Graduation,Married,84117,0,1,22-10-2018,52,1117,93,575,77,116,0,3,11,0,10,12,0,0,0,0,0,0,3,11,1,52,1,1978,24,82.42,0.458,0.417,0,0.125,0,94,96,3837.32,Upper-Middle,Champions,Web,51,95,0.386,432.54,Premium Upsell,6.9
10778,1978,Graduation,Divorced,59456,0,0,07-12-2022,5,581,67,506,151,157,118,2,12,9,1,16,0,0,0,0,0,0,3,11,0,48,0,1580,24,65.83,0.5,0.042,0.375,0.083,0,44,100,2275.2,Middle,Digitally Engaged,Web,17.8,70,0.49,583.63,Targeted Campaign,6.9
10779,1977,Basic,Divorced,67187,0,0,31-08-2023,42,737,113,142,208,106,41,3,2,4,5,5,0,0,0,0,1,0,3,11,0,49,0,1347,14,96.21,0.143,0.357,0.286,0.214,1,36,33,1923.52,Middle,Regular,Store,62,54,0.398,407.77,Regular Engagement,8.1
10780,1953,Master,Divorced,97978,1,0,22-08-2022,16,502,133,480,92,20,281,3,4,3,14,13,0,0,0,0,0,0,3,11,0,73,1,1508,24,62.83,0.167,0.583,0.125,0.125,0,48,62,2231.84,Upper-Middle,Regular,Store,30.5,72,0.373,410.17,Regular Engagement,8.8
10781,1977,PhD,Single,74814,0,0,03-02-2020,35,866,87,614,107,20,108,5,5,0,12,14,0,0,0,0,0,0,3,11,0,49,0,1802,22,81.91,0.227,0.545,0,0.227,0,78,66,3207.56,Middle,High Value,Store,43.2,83,0.345,578.22,Premium Upsell,6.9
10782,1987,Master,Married,12039,1,0,21-08-2020,72,401,0,277,84,6,0,4,14,1,5,19,0,1,0,0,0,0,3,11,0,39,1,768,24,32,0.583,0.208,0.042,0.167,1,72,100,1387.01,Low,At Risk,Web,63.5,92,0.506,246.87,Targeted Campaign,5
10783,1947,Master,Divorced,46922,0,1,15-01-2025,82,385,0,0,173,10,113,3,5,7,1,16,0,0,0,0,0,0,3,11,0,79,1,681,16,42.56,0.312,0.062,0.438,0.188,0,19,72,810.39,Lower-Middle,At Risk,Catalog,75.5,41.5,0.266,171.1,Retention Offer,6.3
10784,1965,Graduation,Married,32036,0,0,22-02-2018,31,632,43,239,96,0,41,1,8,6,11,4,0,0,0,0,0,0,3,11,0,61,0,1051,26,40.42,0.308,0.423,0.231,0.038,0,102,57,2123.02,Lower-Middle,Regular,Store,55.2,100,0.33,202.68,Regular Engagement,6.4
10785,1960,Master,Together,14386,0,2,12-08-2018,79,447,60,121,102,34,42,4,0,6,13,14,0,0,0,0,0,0,3,11,0,66,2,806,23,35.04,0,0.565,0.261,0.174,0,96,47,1579.76,Low,At Risk,Store,76.2,94,0.21,151.75,Retention Offer,5.1
10786,1978,Graduation,Together,89443,1,1,20-05-2023,0,332,59,565,61,104,110,1,9,9,7,7,0,0,0,0,1,0,3,11,0,48,2,1231,26,47.35,0.346,0.269,0.346,0.038,1,39,68,1796.64,Upper-Middle,Digitally Engaged,Web,27.5,79.5,0.57,312.96,Targeted Campaign,6.2
10787,1995,Master,Together,97356,0,2,14-01-2021,3,885,134,464,84,110,168,0,9,11,7,2,0,0,0,0,0,0,3,11,0,31,2,1845,27,68.33,0.333,0.259,0.407,0,0,67,58,3081.15,Upper-Middle,High Value,Catalog,37.2,87.5,0.389,655.27,Premium Upsell,8.6
10788,1966,Graduation,Married,42079,0,0,24-01-2018,55,543,33,263,52,106,99,6,1,4,0,7,0,0,0,0,0,0,3,11,0,60,0,1096,11,99.64,0.091,0,0.364,0.545,0,103,25,2224.88,Lower-Middle,Regular,Catalog,68.8,73.5,0.202,225.36,Retention Offer,6.5
10789,1948,Master,Together,55700,1,1,15-01-2024,11,346,110,380,102,72,94,1,1,11,14,12,0,0,0,0,0,0,3,11,0,78,2,1104,27,40.89,0.037,0.519,0.407,0.037,0,31,49,1446.24,Middle,Regular,Store,28.2,69.5,0.35,282.7,Regular Engagement,7.8
10790,1980,Graduation,Divorced,124637,1,1,18-04-2026,25,822,155,634,172,112,55,4,6,2,15,7,0,0,0,1,0,0,3,11,0,46,2,1950,27,72.22,0.222,0.556,0.074,0.148,1,4,56,2129.4,High,High Value,Store,46.2,64,0.49,696.98,Targeted Campaign,9.1
10791,1962,Graduation,Married,60505,0,0,11-05-2019,87,462,97,453,136,33,134,3,4,10,0,3,0,0,0,1,0,0,3,11,0,64,0,1315,17,77.35,0.235,0,0.588,0.176,1,87,40,2582,Middle,At Risk,Catalog,98.8,85.5,0.326,523.8,Retention Offer,4.7
10792,1983,Graduation,Married,62649,1,1,13-12-2018,27,836,50,217,96,72,124,3,5,4,0,14,0,0,0,0,0,0,3,11,0,43,2,1395,12,116.25,0.417,0,0.333,0.25,0,92,81,2678.4,Middle,Digitally Engaged,Web,37.2,70,0.398,551.46,Regular Engagement,6.9
10793,1952,Graduation,Married,74620,0,0,15-06-2026,16,778,130,473,84,76,0,0,1,2,9,7,0,0,0,0,1,0,3,11,1,74,0,1541,12,128.42,0.083,0.75,0.167,0,1,2,33,1650.41,Middle,Regular,Store,31.5,33,0.45,519.69,Regular Engagement,9.1
10794,1960,Graduation,Single,104351,2,1,07-08-2024,66,787,98,627,209,106,96,0,4,8,2,6,0,0,0,0,1,0,3,11,0,66,3,1923,14,137.36,0.286,0.143,0.571,0,1,24,41,2503.75,Upper-Middle,High Value,Catalog,78.5,48,0.37,496.76,Retention Offer,7.3
10795,1966,Master,Married,80358,0,0,15-10-2018,99,693,81,299,225,70,72,1,0,0,3,11,1,0,0,0,0,0,3,11,1,60,0,1440,4,360,0,0.75,0,0.25,1,94,36,2933.28,Upper-Middle,At Risk,Store,87.8,63,0.292,305.24,Retention Offer,7.8
10796,1991,Master,Married,97475,0,2,16-02-2018,47,845,98,531,180,63,116,4,12,0,6,18,0,0,0,0,0,0,3,11,0,35,2,1833,22,83.32,0.545,0.273,0,0.182,0,102,100,3702.66,Upper-Middle,High Value,Web,46.2,95,0.406,457.48,Premium Upsell,5.8
10797,1975,Graduation,Divorced,36348,1,0,25-08-2018,94,596,14,479,59,80,101,5,6,7,0,12,0,0,0,0,0,0,3,11,0,51,1,1329,18,73.83,0.333,0,0.389,0.278,0,96,68,2604.84,Lower-Middle,At Risk,Catalog,90.5,84,0.232,243.84,Retention Offer,7.8
10798,1979,Master,Together,91218,1,1,18-11-2025,4,958,115,576,119,86,154,4,13,4,1,4,0,0,0,0,0,0,3,11,0,47,2,2008,22,91.27,0.591,0.045,0.182,0.182,0,9,73,2188.72,Upper-Middle,High Value,Web,35,48.5,0.424,502,Premium Upsell,5.5
10799,1984,Master,Divorced,62823,0,0,05-08-2019,60,904,111,460,114,53,49,1,6,10,10,13,0,0,0,1,0,0,3,11,0,42,0,1691,27,62.63,0.222,0.37,0.37,0.037,1,84,75,3267.01,Middle,Digitally Engaged,Catalog,63.5,100,0.468,416.51,Targeted Campaign,6.9
10800,1978,PhD,Single,41294,1,0,12-02-2018,38,348,87,138,120,35,55,2,1,4,2,8,0,0,0,0,0,0,3,11,0,48,1,783,9,87,0.111,0.222,0.444,0.222,0,102,31,1581.66,Lower-Middle,Regular,Catalog,54.5,69,0.252,212.56,Regular Engagement,7.5
10801,1994,Master,Single,82006,0,1,10-05-2021,84,589,78,714,85,13,115,7,0,5,10,10,0,0,0,0,0,0,3,11,0,32,1,1594,22,72.45,0,0.455,0.227,0.318,0,63,31,2598.22,Upper-Middle,At Risk,Store,86,75.5,0.16,442.3,Retention Offer,9
10802,1957,PhD,Divorced,141619,1,0,18-07-2021,37,965,108,563,199,106,204,4,12,4,11,17,0,0,0,0,0,0,3,11,0,69,1,2145,31,69.19,0.387,0.355,0.129,0.129,0,61,100,3453.45,High,High Value,Web,40.2,92.5,0.426,786.58,Premium Upsell,7
10803,1980,PhD,Married,71997,0,0,19-05-2019,5,560,64,444,141,107,186,4,13,0,10,9,0,0,0,0,0,0,3,11,0,46,0,1502,27,55.63,0.481,0.37,0,0.148,0,87,93,2808.74,Middle,Digitally Engaged,Web,28.2,97.5,0.473,544.61,Targeted Campaign,8.9
10804,1959,PhD,Divorced,96473,0,0,04-11-2018,79,926,142,444,170,109,256,0,7,0,10,2,0,0,0,0,0,0,3,11,1,67,0,2047,17,120.41,0.412,0.588,0,0,0,93,44,3950.71,Upper-Middle,Champions,Store,86.2,80.5,0.202,732.58,Retention Offer,8.3
10805,1976,PhD,Married,57620,0,1,13-12-2022,37,456,103,347,90,103,124,4,11,4,4,18,0,0,0,0,0,0,3,11,0,50,1,1223,23,53.17,0.478,0.174,0.174,0.174,0,44,98,1761.12,Middle,Digitally Engaged,Web,38.8,68,0.421,333.6,Regular Engagement,7.2
10806,1967,PhD,Single,19029,1,1,05-01-2022,11,372,39,433,84,100,56,5,9,4,6,20,0,0,0,0,1,0,3,11,1,59,2,1084,24,45.17,0.375,0.25,0.167,0.208,1,55,97,1764.21,Low,Digitally Engaged,Web,8.2,83.5,0.62,231.78,Targeted Campaign,9
10807,1996,Graduation,Married,81946,0,0,17-10-2025,41,640,71,606,134,14,54,0,7,5,15,14,0,0,0,0,0,0,3,11,0,30,0,1519,27,56.26,0.259,0.556,0.185,0,0,10,89,1670.9,Upper-Middle,Digitally Engaged,Store,47.8,59,0.39,281.11,Regular Engagement,6.7
10808,1946,Graduation,Single,35328,1,1,10-10-2024,56,622,17,378,24,32,141,3,10,9,8,9,0,0,1,0,0,0,3,11,1,80,2,1214,30,40.47,0.333,0.267,0.3,0.1,1,22,80,1555.13,Lower-Middle,Digitally Engaged,Web,58.5,79,0.488,290.16,Targeted Campaign,8.3
10809,1975,PhD,Married,58843,1,0,23-06-2023,22,823,62,502,143,66,75,5,12,8,9,14,0,0,0,0,0,0,3,11,0,51,1,1671,34,49.15,0.353,0.265,0.235,0.147,0,38,100,2305.98,Middle,Digitally Engaged,Web,33.5,87,0.456,625.02,Targeted Campaign,7.3
10810,1948,Graduation,Married,124435,1,0,10-07-2020,2,768,99,905,234,143,221,5,11,11,11,11,0,0,0,0,0,0,3,11,0,78,1,2370,38,62.37,0.289,0.289,0.289,0.132,0,73,89,4100.1,High,High Value,Web,23,100,0.468,565.6,Targeted Campaign,7.3
10811,1965,Master,Together,11556,0,1,19-11-2022,95,237,79,0,103,39,111,6,10,5,2,9,0,0,0,0,0,0,3,11,0,61,1,569,23,24.74,0.435,0.087,0.217,0.261,0,45,83,825.05,Low,At Risk,Web,95.8,68.5,0.268,125.34,Retention Offer,6.7
10812,1982,PhD,Married,76369,0,1,07-04-2020,89,868,34,215,190,109,14,3,6,5,3,16,0,0,0,0,0,0,3,11,0,44,1,1430,17,84.12,0.353,0.176,0.294,0.176,0,76,90,2516.8,Middle,At Risk,Web,80.8,72,0.297,462.61,Retention Offer,5.8
10813,1958,Master,Married,81018,0,0,18-12-2021,78,859,86,466,165,71,89,1,6,3,5,9,0,0,0,0,0,0,3,11,0,68,0,1736,15,115.73,0.4,0.333,0.2,0.067,0,56,62,2708.16,Upper-Middle,At Risk,Web,83,58,0.249,579.51,Retention Offer,4.5
10814,1962,Graduation,Married,75249,2,1,02-04-2022,20,787,130,186,109,60,109,0,0,11,2,7,0,0,0,0,0,0,3,11,1,64,3,1381,13,106.23,0,0.154,0.846,0,0,52,37,2099.12,Middle,Regular,Catalog,34.5,52,0.302,571.5,Regular Engagement,6.9
10815,1982,Master,Divorced,48032,0,0,28-12-2023,77,865,65,482,101,117,92,7,1,3,5,9,0,0,0,0,0,0,3,11,0,44,0,1722,16,107.62,0.062,0.312,0.188,0.438,0,32,33,2273.04,Lower-Middle,At Risk,Store,82.2,48,0.178,628.24,Retention Offer,5.7
10816,1985,Master,Widow,71237,1,0,01-09-2024,78,755,70,384,140,139,99,2,4,6,3,11,0,1,0,0,0,0,3,11,0,41,1,1587,15,105.8,0.267,0.2,0.4,0.133,1,23,57,2049.61,Middle,At Risk,Catalog,80,49.5,0.386,567.55,Retention Offer,8.3
10817,1981,Graduation,Married,37056,0,1,22-06-2023,80,503,4,335,81,106,89,3,3,8,8,14,0,0,0,0,0,0,3,11,1,45,1,1118,22,50.82,0.136,0.364,0.364,0.136,0,38,55,1542.84,Lower-Middle,At Risk,Catalog,69,63,0.228,309.47,Retention Offer,8.2
10818,1949,PhD,Married,112115,0,0,27-09-2023,71,701,136,650,220,196,44,2,1,8,10,16,1,0,1,0,1,0,3,11,1,77,0,1947,21,92.71,0.048,0.476,0.381,0.095,3,35,65,3022.72,Upper-Middle,Champions,Store,59.2,83.5,0.72,535.88,Targeted Campaign,6.6
10819,1963,Master,Single,70493,0,1,02-10-2025,63,617,74,517,67,63,127,7,12,1,4,10,0,0,0,0,0,0,3,11,0,63,1,1465,24,61.04,0.5,0.167,0.042,0.292,0,10,91,1611.5,Middle,Digitally Engaged,Web,70.2,53,0.352,502.47,Retention Offer,6.3
10820,1986,PhD,Together,105140,1,2,30-05-2024,87,967,80,688,213,154,155,7,0,3,6,14,0,0,0,0,0,0,3,11,0,40,3,2257,16,141.06,0,0.375,0.188,0.438,0,27,50,2866.39,Upper-Middle,High Value,Store,82.2,45.5,0.201,705.32,Retention Offer,7.2
10821,1993,Graduation,Together,56958,0,0,10-12-2020,20,737,96,226,116,67,70,7,12,6,10,1,0,0,1,0,0,0,3,11,0,33,0,1312,35,37.49,0.343,0.286,0.171,0.2,1,68,54,2314.37,Middle,Regular,Web,51.5,100,0.495,429.95,Targeted Campaign,7.2
10822,1956,PhD,Single,91731,2,0,19-07-2024,37,598,91,378,143,93,117,7,8,5,11,16,0,0,0,0,0,1,3,11,0,70,2,1420,31,45.81,0.258,0.355,0.161,0.226,0,25,89,1775,Upper-Middle,Digitally Engaged,Store,56.8,74.5,0.298,363.29,Regular Engagement,4.7
10823,1967,Graduation,Single,86401,2,1,22-11-2024,22,507,46,478,118,212,45,7,3,2,0,11,0,0,0,0,0,0,3,11,0,59,3,1406,12,117.17,0.25,0,0.167,0.583,0,21,55,1701.26,Upper-Middle,Regular,Web,38,34.5,0.344,551.86,Regular Engagement,9.1
10824,1993,Master,Single,31398,0,1,22-01-2025,43,65,65,274,2,0,134,5,10,10,0,5,0,0,0,0,0,0,3,11,0,33,1,540,25,21.6,0.4,0,0.4,0.2,0,19,63,642.6,Lower-Middle,Regular,Web,62.8,59.5,0.322,206.72,Regular Engagement,5
10825,1951,PhD,Married,113257,1,0,07-05-2021,89,796,137,523,152,124,180,7,8,7,4,3,0,0,0,0,0,0,3,11,0,75,1,1912,26,73.54,0.308,0.154,0.269,0.269,0,63,55,3116.56,Upper-Middle,High Value,Web,100,83.5,0.21,465.57,Retention Offer,6.6
10826,1995,Graduation,Married,146826,0,0,17-07-2022,83,1156,111,540,223,160,182,2,0,2,8,9,0,0,0,0,0,0,3,11,0,31,0,2372,12,197.67,0,0.667,0.167,0.167,0,49,37,3534.28,High,High Value,Store,86.8,48.5,0.177,517.84,Retention Offer,5.9
10827,1966,Graduation,Single,97709,0,0,23-08-2018,40,888,152,291,212,147,124,6,7,1,8,17,0,0,0,1,0,0,3,11,0,60,0,1814,22,82.45,0.318,0.364,0.045,0.273,1,96,94,3733.21,Upper-Middle,High Value,Store,42.5,100,0.555,328.22,Targeted Campaign,7.5
10828,1983,PhD,Widow,25445,1,1,01-10-2022,33,418,15,266,43,86,170,4,8,7,3,8,0,0,0,0,0,0,3,11,0,43,2,998,22,45.36,0.364,0.136,0.318,0.182,0,47,61,1467.06,Low,Regular,Web,50.8,67.5,0.336,352.04,Regular Engagement,6.2
10829,1969,Graduation,Single,40532,0,1,29-08-2023,51,333,120,702,197,16,119,5,13,2,7,12,0,0,0,0,0,0,3,11,0,57,1,1487,27,55.07,0.481,0.259,0.074,0.185,0,36,92,2022.32,Lower-Middle,Digitally Engaged,Web,58.2,72,0.378,328.42,Regular Engagement,7.8
10830,1967,Graduation,Single,8000,1,2,05-11-2023,14,677,25,387,30,53,56,1,11,2,5,12,0,0,0,1,0,0,3,11,0,59,3,1228,19,64.63,0.579,0.263,0.105,0.053,1,33,88,1714.9,Low,Digitally Engaged,Web,30.5,62.5,0.592,486.32,Targeted Campaign,6.9
10831,1966,PhD,Together,41454,1,0,22-05-2022,14,505,123,313,50,65,61,1,2,4,15,12,0,0,0,0,0,1,3,11,0,60,1,1117,22,50.77,0.091,0.682,0.182,0.045,0,51,58,1686.67,Lower-Middle,Regular,Store,45.5,69.5,0.267,418.75,Regular Engagement,4.3
10832,1946,Master,Married,118949,1,1,23-12-2022,61,862,118,1177,137,201,147,7,4,11,4,9,0,0,0,0,1,0,3,11,0,80,2,2642,26,101.62,0.154,0.154,0.423,0.269,1,44,57,3994.7,Upper-Middle,High Value,Catalog,70.2,82,0.421,814.08,Retention Offer,7.4
10833,1995,PhD,Divorced,96815,0,1,23-10-2020,85,1013,92,371,92,139,135,1,7,0,14,15,0,0,0,0,0,0,3,11,0,31,1,1842,22,83.73,0.318,0.636,0,0.045,0,70,90,3131.4,Upper-Middle,High Value,Store,79.2,79,0.305,370.93,Retention Offer,6.7
10834,1987,Master,Divorced,36867,2,0,19-11-2020,28,722,28,180,89,82,11,1,14,4,8,13,0,0,0,1,0,0,3,11,0,39,2,1112,27,41.19,0.519,0.296,0.148,0.037,1,69,100,1973.24,Lower-Middle,Digitally Engaged,Web,39.5,96.5,0.594,221.52,Targeted Campaign,8.7
10835,1996,Graduation,Widow,27832,1,2,22-09-2018,57,485,36,175,65,40,46,6,11,11,14,12,0,1,0,0,0,0,3,11,1,30,3,847,42,20.17,0.262,0.333,0.262,0.143,1,95,99,1734.23,Low,Digitally Engaged,Store,54.8,100,0.534,204.92,Targeted Campaign,7.4
10836,1976,Graduation,Married,46291,1,0,30-10-2020,33,302,19,386,142,89,107,2,0,10,6,1,0,0,1,0,0,0,3,11,1,50,1,1045,18,58.06,0,0.333,0.556,0.111,1,70,15,1865.32,Lower-Middle,Regular,Catalog,53.2,79,0.372,358.02,Regular Engagement,10
10837,1998,Graduation,Married,98282,1,0,26-06-2022,4,905,77,827,173,76,125,2,1,0,3,8,0,0,0,0,0,0,3,11,0,28,1,2183,6,363.83,0.167,0.5,0,0.333,0,50,34,3274.5,Upper-Middle,High Value,Store,29,37,0.327,601.37,Premium Upsell,6.7
10838,1949,Graduation,Single,80557,1,0,11-01-2018,51,851,123,325,151,98,113,1,9,9,12,14,0,0,0,0,0,0,3,11,0,77,1,1661,31,53.58,0.29,0.387,0.29,0.032,0,103,79,3371.83,Upper-Middle,Digitally Engaged,Store,55.2,100,0.346,401.75,Regular Engagement,6.3
10839,1965,Basic,Married,110614,0,0,20-01-2026,28,792,83,649,173,178,163,2,6,2,6,3,0,0,0,0,0,0,3,11,1,61,0,2038,16,127.38,0.375,0.375,0.125,0.125,0,7,46,2180.66,Upper-Middle,Champions,Web,46.5,35.5,0.309,808.26,Premium Upsell,10
10840,1976,Graduation,Married,46486,0,0,06-12-2025,45,831,101,673,78,20,18,0,6,0,2,8,0,0,0,0,0,0,3,11,0,50,0,1721,8,215.12,0.75,0.25,0,0,0,8,55,1858.68,Lower-Middle,Regular,Web,59.8,20,0.298,398.59,Regular Engagement,8
10841,1971,Graduation,Single,69488,0,1,01-03-2020,82,563,73,104,217,36,161,3,12,6,2,12,0,0,0,0,0,0,3,11,0,55,1,1154,23,50.17,0.522,0.087,0.261,0.13,0,78,84,2054.12,Middle,At Risk,Web,81.5,85,0.296,376.84,Retention Offer,5.3
10842,1945,Graduation,Married,44405,0,1,29-04-2022,73,615,65,410,123,32,34,7,11,2,2,19,0,0,0,0,0,0,3,11,0,81,1,1279,22,58.14,0.5,0.091,0.091,0.318,0,52,100,1944.08,Lower-Middle,At Risk,Web,64.2,70,0.354,511.31,Regular Engagement,6.7
10843,1950,Graduation,Single,59871,0,1,10-10-2020,96,467,75,364,99,80,153,1,14,0,2,3,0,0,1,1,0,0,3,11,0,76,1,1238,17,72.82,0.824,0.118,0,0.059,2,70,78,2315.06,Middle,At Risk,Web,100,85,0.553,267.4,Retention Offer,6.5
10844,1970,Graduation,Married,56475,0,0,30-08-2018,93,486,47,481,127,47,85,1,9,11,12,18,0,0,1,0,0,0,3,11,0,56,0,1273,33,38.58,0.273,0.364,0.333,0.03,1,96,100,2619.83,Middle,At Risk,Store,80.8,100,0.464,450.3,Retention Offer,6.6
10845,1991,Master,Widow,56906,0,1,20-11-2022,97,695,101,103,58,94,105,1,11,2,9,18,0,0,0,0,0,0,3,11,0,35,1,1156,23,50.26,0.478,0.391,0.087,0.043,0,45,100,1676.2,Middle,At Risk,Web,83.8,68.5,0.306,340.55,Retention Offer,4.5
10846,1979,Graduation,Married,83477,0,1,22-08-2025,83,998,74,714,198,115,70,3,14,2,2,11,0,0,0,0,0,0,3,11,0,47,1,2169,21,103.29,0.667,0.095,0.095,0.143,0,12,100,2429.28,Upper-Middle,High Value,Web,83.8,48,0.334,697.9,Retention Offer,5.3
10847,1961,Graduation,Married,51617,1,1,22-01-2021,55,237,45,261,7,67,40,0,8,2,6,14,0,0,0,0,0,0,3,11,1,65,2,657,16,41.06,0.5,0.375,0.125,0,0,67,76,1097.19,Middle,Digitally Engaged,Web,50.2,65.5,0.33,182.44,Regular Engagement,7.8
10848,1989,Graduation,Single,61529,0,0,29-08-2023,36,906,113,495,155,71,168,5,14,5,15,18,0,0,0,0,0,0,3,11,0,37,0,1908,39,48.92,0.359,0.385,0.128,0.128,0,36,100,2594.88,Middle,High Value,Store,38,96,0.428,437.78,Premium Upsell,7.7
10849,1994,Graduation,Married,39134,0,0,30-07-2019,27,588,42,343,77,26,67,5,4,0,10,17,0,1,0,0,0,0,3,11,1,32,0,1143,19,60.16,0.211,0.526,0,0.263,1,85,71,2220.28,Lower-Middle,Digitally Engaged,Store,24.8,88.5,0.524,386.32,Targeted Campaign,8.3
10850,1961,Graduation,Single,102026,0,0,30-03-2026,70,453,65,478,248,122,89,5,0,7,6,13,0,0,0,0,0,0,3,11,0,65,0,1455,18,80.83,0,0.333,0.389,0.278,0,5,47,1527.75,Upper-Middle,Regular,Catalog,71,38.5,0.227,280.97,Retention Offer,6.8
10851,1996,Graduation,Single,117586,1,0,25-01-2024,91,737,95,795,206,94,139,3,12,5,9,20,0,0,0,0,0,0,3,11,0,30,1,2066,29,71.24,0.414,0.31,0.172,0.103,0,31,100,2706.46,Upper-Middle,High Value,Web,76.2,73.5,0.318,429.67,Retention Offer,5.9
10852,1957,Graduation,Single,124614,1,1,23-04-2019,25,1096,136,401,235,131,140,0,10,11,1,7,0,0,0,0,1,0,3,11,0,69,2,2139,22,97.23,0.455,0.045,0.5,0,1,88,76,4222.39,High,High Value,Catalog,46.2,96,0.54,522.78,Targeted Campaign,8
10853,1977,Graduation,Married,90397,1,1,16-06-2023,49,417,80,181,83,97,122,0,3,11,3,1,0,0,0,0,0,0,3,11,0,49,2,980,17,57.65,0.176,0.176,0.647,0,0,38,24,1352.4,Upper-Middle,Regular,Catalog,73.2,53,0.212,356.76,Retention Offer,5.8
10854,1963,Graduation,Together,64909,0,1,05-05-2021,50,472,83,289,86,38,124,6,7,0,8,9,0,0,0,0,0,0,3,11,0,63,1,1092,21,52,0.333,0.381,0,0.286,0,63,59,1779.96,Middle,Regular,Store,62,73.5,0.298,267.95,Regular Engagement,7.2
10855,1985,Graduation,Together,38080,0,2,13-05-2025,98,681,77,113,115,22,50,6,7,11,11,8,0,0,0,0,0,0,3,11,0,41,2,1058,35,30.23,0.2,0.314,0.314,0.171,0,15,60,1216.7,Lower-Middle,At Risk,Catalog,99.5,77.5,0.204,365.74,Retention Offer,6.6
10856,1948,Master,Widow,34421,1,0,07-01-2020,17,837,83,152,64,200,153,0,9,9,0,12,0,0,0,0,0,0,3,11,0,78,1,1489,18,82.72,0.5,0,0.5,0,0,79,76,2665.31,Lower-Middle,Digitally Engaged,Web,32.8,75.5,0.406,424.04,Regular Engagement,8.4
10857,1948,Graduation,Divorced,63710,0,0,27-09-2024,6,322,121,507,118,132,144,2,8,4,8,2,0,1,0,1,0,0,3,11,1,78,0,1344,22,61.09,0.364,0.364,0.182,0.091,2,23,53,1818.43,Middle,Regular,Web,31.5,71.5,0.67,266.88,Targeted Campaign,8.9
10858,1997,Graduation,Together,28828,0,0,22-01-2021,90,519,87,224,209,75,0,6,7,11,3,20,0,0,0,0,0,0,3,11,1,29,0,1114,27,41.26,0.259,0.111,0.407,0.222,0,67,98,1860.38,Low,At Risk,Catalog,67.5,87.5,0.315,264.19,Retention Offer,6.9
10859,1954,Master,Together,88920,0,2,18-07-2024,55,947,101,544,90,81,72,5,4,10,12,11,0,0,0,0,0,0,3,11,0,72,2,1835,31,59.19,0.129,0.387,0.323,0.161,0,25,65,2293.75,Upper-Middle,High Value,Store,62.8,74.5,0.302,728.92,Premium Upsell,5.8
10860,1994,Master,Married,73624,0,2,23-10-2019,29,610,60,488,78,107,32,0,14,6,4,2,0,0,0,0,0,0,3,11,0,32,2,1375,24,57.29,0.583,0.167,0.25,0,0,82,73,2502.5,Middle,Digitally Engaged,Web,56.8,89,0.374,431.21,Regular Engagement,8.6
10861,1982,Master,Single,25826,0,0,18-05-2018,3,376,45,399,39,81,24,1,7,6,12,15,0,0,0,1,0,1,3,11,0,44,0,964,26,37.08,0.269,0.462,0.231,0.038,1,99,85,2014.28,Low,Digitally Engaged,Store,32.8,100,0.507,316.4,Targeted Campaign,4.6
10862,1978,Graduation,Together,59605,2,0,17-05-2019,33,488,37,443,89,84,48,2,13,7,4,15,0,0,0,0,0,0,3,11,0,48,2,1189,26,45.73,0.5,0.154,0.269,0.077,0,87,100,2223.43,Middle,Digitally Engaged,Web,40.2,95.5,0.434,297.63,Regular Engagement,6.5
10863,1985,Basic,Married,91608,1,0,09-07-2019,77,805,77,460,164,66,197,0,2,7,8,16,0,0,0,0,0,0,3,11,0,41,1,1769,17,104.06,0.118,0.471,0.412,0,0,85,60,3272.65,Upper-Middle,At Risk,Store,71.8,76.5,0.246,557.96,Retention Offer,7.1
10864,1949,Master,Divorced,100814,1,1,19-04-2023,89,790,124,422,134,101,156,5,10,6,9,9,1,0,0,0,0,0,3,11,0,77,2,1727,30,57.57,0.333,0.3,0.2,0.167,1,40,73,2538.69,Upper-Middle,At Risk,Web,91.2,88,0.404,404.6,Retention Offer,6.9
10865,1947,Master,Single,72768,1,1,11-07-2021,52,566,86,242,132,106,201,4,3,0,14,18,0,0,0,0,0,0,3,11,0,79,2,1333,21,63.48,0.143,0.667,0,0.19,0,61,83,2146.13,Middle,Digitally Engaged,Store,50,72.5,0.354,271.8,Regular Engagement,5.6
10866,1949,PhD,Divorced,85415,0,0,11-10-2018,56,545,73,549,108,69,89,7,2,5,10,15,0,0,0,1,0,0,3,11,1,77,0,1433,24,59.71,0.083,0.417,0.208,0.292,1,94,54,2919.02,Upper-Middle,Regular,Store,49.5,100,0.423,329.89,Regular Engagement,7
10867,1946,Graduation,Single,76118,2,0,04-03-2024,37,865,89,518,122,130,22,3,9,3,12,14,0,0,0,0,1,0,3,11,0,80,2,1746,27,64.67,0.333,0.444,0.111,0.111,1,29,82,2364.96,Middle,Digitally Engaged,Store,44.8,76.5,0.531,469.81,Targeted Campaign,6.9
10868,1997,Graduation,Single,52951,1,0,23-11-2020,75,361,39,137,160,0,92,3,11,8,1,20,0,0,0,0,1,0,3,11,1,29,1,789,23,34.3,0.478,0.043,0.348,0.13,1,69,100,1400.08,Middle,At Risk,Web,56.2,88.5,0.5,212.16,Targeted Campaign,8.5
10869,1970,PhD,Married,71054,1,2,19-04-2026,30,634,108,250,108,26,190,7,9,0,10,15,0,0,0,1,0,0,3,11,0,56,3,1316,26,50.62,0.346,0.385,0,0.269,1,4,99,1437.07,Middle,Digitally Engaged,Store,38,62,0.588,381.85,Targeted Campaign,9.5
10870,1951,Graduation,Married,70374,1,0,01-10-2021,86,569,77,606,78,112,49,7,3,1,2,11,0,0,0,1,0,0,3,11,0,75,1,1491,13,114.69,0.231,0.154,0.077,0.538,1,59,59,2489.22,Middle,At Risk,Web,86,63.5,0.376,408.61,Retention Offer,7.6
10871,1962,PhD,Married,49243,0,0,14-03-2026,87,670,120,266,149,38,19,1,11,1,9,16,0,0,0,0,0,0,3,11,0,64,0,1262,22,57.36,0.5,0.409,0.045,0.045,0,5,100,1325.1,Lower-Middle,At Risk,Web,79.2,46.5,0.326,287.19,Retention Offer,6.8
10872,1953,Master,Married,74088,2,2,12-04-2026,6,849,48,488,117,69,144,4,9,2,3,16,0,0,0,0,0,0,3,11,0,73,4,1715,18,95.28,0.5,0.167,0.111,0.222,0,4,100,1783.6,Middle,Digitally Engaged,Web,18.5,38,0.488,430.55,Targeted Campaign,7.7
10873,1995,Graduation,Single,66079,0,1,07-03-2023,33,629,50,282,137,3,85,4,4,0,7,14,0,0,0,1,0,0,3,11,0,31,1,1186,15,79.07,0.267,0.467,0,0.267,1,41,68,1755.87,Middle,Digitally Engaged,Store,41.8,58.5,0.504,388.9,Targeted Campaign,6.9
10874,1988,Master,Divorced,78147,0,0,01-12-2022,57,766,69,421,130,105,134,4,12,7,4,2,0,0,0,1,0,0,3,11,0,38,0,1625,27,60.19,0.444,0.148,0.259,0.148,1,45,56,2474.06,Middle,Regular,Web,77.8,84.5,0.426,527.37,Retention Offer,6.1
10875,1945,Graduation,Together,67120,0,0,31-10-2021,81,523,82,140,135,105,24,5,11,2,0,10,1,0,0,0,0,0,3,11,1,81,0,1009,18,56.06,0.611,0,0.111,0.278,1,58,85,1673.93,Middle,At Risk,Web,75.8,73,0.45,229.48,Retention Offer,6.9
10876,1961,Master,Married,66469,0,1,13-06-2020,93,938,76,668,106,166,79,7,8,11,1,18,0,0,0,0,0,0,3,11,0,65,1,2033,27,75.3,0.296,0.037,0.407,0.259,0,74,87,3537.42,Middle,High Value,Catalog,80.8,91,0.282,596.72,Retention Offer,5.4
10877,1981,Master,Married,12753,0,1,30-09-2020,23,240,36,0,54,0,74,5,6,9,7,5,1,0,0,0,0,0,3,11,0,45,1,404,27,14.96,0.222,0.259,0.333,0.185,1,71,40,725.38,Low,Regular,Catalog,47.8,97.5,0.454,100.01,Targeted Campaign,8.5
10878,1968,Master,Together,137028,1,2,12-06-2020,0,1374,158,861,223,115,203,5,5,10,13,4,0,0,0,0,0,0,3,11,1,58,3,2934,33,88.91,0.152,0.394,0.303,0.152,0,74,36,5105.16,High,Champions,Store,24,100,0.34,667.26,Premium Upsell,10
10879,1957,Graduation,Married,88313,1,1,24-06-2026,37,460,109,241,109,176,149,2,4,1,11,3,1,0,1,0,1,0,3,11,1,69,2,1244,18,69.11,0.222,0.611,0.056,0.111,3,2,39,1459.21,Upper-Middle,Regular,Store,53.2,61,0.723,271.06,Targeted Campaign,9.4
10880,1967,Basic,Together,79834,2,0,30-12-2024,50,610,45,458,273,95,159,1,6,5,9,10,0,0,0,0,0,0,3,11,0,59,2,1640,21,78.1,0.286,0.429,0.238,0.048,0,20,59,1968,Middle,Regular,Store,60.5,52,0.298,395.99,Regular Engagement,9
10881,1968,Graduation,Divorced,119446,1,0,31-12-2018,3,910,112,715,141,128,129,1,4,8,5,12,0,0,0,0,0,0,3,11,0,58,1,2135,18,118.61,0.222,0.278,0.444,0.056,0,92,61,4099.2,Upper-Middle,High Value,Catalog,22.2,82,0.396,786.57,Premium Upsell,8.4
10882,1984,Master,Divorced,96592,2,0,06-08-2024,20,723,50,334,198,130,76,5,0,2,7,17,0,0,0,0,0,0,3,11,0,42,2,1511,14,107.93,0,0.5,0.143,0.357,0,24,58,1873.64,Upper-Middle,Regular,Store,27.5,40,0.355,289.23,Regular Engagement,9.6
10883,1976,PhD,Married,81140,2,0,11-04-2023,89,228,138,427,154,76,0,0,8,6,13,11,0,0,0,0,0,0,3,11,1,50,2,1023,27,37.89,0.296,0.481,0.222,0,0,40,70,1432.2,Upper-Middle,At Risk,Store,80.2,74,0.247,195.71,Retention Offer,7.9
10884,1971,Graduation,Together,86506,1,0,23-09-2022,47,931,68,380,134,97,79,4,4,3,3,1,0,0,1,0,0,0,3,11,0,55,1,1689,14,120.64,0.286,0.214,0.214,0.286,1,47,30,2606.97,Upper-Middle,Regular,Web,71.8,59.5,0.381,412.72,Retention Offer,7.6
10885,1979,Graduation,Single,116682,0,2,05-08-2020,79,776,125,645,173,117,152,2,11,9,15,7,0,0,0,0,0,0,3,11,0,47,2,1988,37,53.73,0.297,0.405,0.243,0.054,0,72,75,3419.36,Upper-Middle,High Value,Store,86.8,100,0.279,716.21,Retention Offer,6.2
10886,1990,PhD,Divorced,74760,0,1,26-07-2023,34,887,70,354,182,143,113,4,1,3,2,19,1,0,0,0,0,0,3,11,1,36,1,1749,10,174.9,0.1,0.2,0.3,0.4,1,37,73,2515.94,Middle,Digitally Engaged,Catalog,27,46.5,0.514,332.24,Targeted Campaign,8.7
10887,1950,Graduation,Single,26665,0,1,10-12-2022,52,339,35,0,159,41,56,6,5,3,14,1,0,0,0,0,0,0,3,11,0,76,1,630,28,22.5,0.179,0.5,0.107,0.214,0,44,39,907.2,Low,Regular,Store,75.5,78,0.244,218.19,Retention Offer,6.1
10888,1972,Master,Married,21874,1,0,07-06-2022,22,490,0,324,0,57,41,7,4,3,5,20,0,1,0,0,0,0,3,11,0,54,1,912,19,48,0.211,0.263,0.158,0.368,1,50,80,1436.4,Low,Digitally Engaged,Store,24.5,71,0.556,227.55,Targeted Campaign,7.6
10889,1987,PhD,Married,108231,2,1,29-08-2021,67,1002,95,823,302,119,61,6,6,4,6,3,0,0,0,0,0,0,3,11,0,39,3,2402,22,109.18,0.273,0.273,0.182,0.273,0,60,48,3843.2,Upper-Middle,High Value,Web,83.8,74,0.236,760.9,Retention Offer,6.3
10890,1961,Master,Married,61018,1,0,09-06-2026,31,439,66,679,148,61,186,3,14,10,7,3,0,0,1,1,0,0,3,11,1,65,1,1579,34,46.44,0.412,0.206,0.294,0.088,2,2,82,1771.64,Middle,Digitally Engaged,Web,48.8,85,0.693,572.95,Targeted Campaign,8.8
10891,1993,Graduation,Together,83012,1,1,25-07-2024,13,874,98,733,96,63,161,4,4,7,10,2,0,0,0,0,0,0,3,11,0,33,2,2025,25,81,0.16,0.4,0.28,0.16,0,25,28,2531.25,Upper-Middle,High Value,Store,44.8,62.5,0.294,717.4,Premium Upsell,8.4
10892,1955,Master,Married,64367,1,1,22-05-2026,51,649,111,432,198,87,109,5,1,11,8,9,0,0,0,0,1,0,3,11,0,71,2,1586,25,63.44,0.04,0.32,0.44,0.2,1,3,43,1715.26,Middle,Regular,Catalog,62.8,59.5,0.406,600.59,Regular Engagement,7.5
10893,1946,Basic,Divorced,80297,1,0,05-05-2019,10,647,130,446,187,101,98,3,14,5,11,20,0,0,0,0,0,0,3,11,0,80,1,1609,33,48.76,0.424,0.333,0.152,0.091,0,87,100,3008.83,Upper-Middle,Digitally Engaged,Web,15.5,100,0.48,616.58,Targeted Campaign,8.2
10894,1987,Graduation,Single,41664,0,0,01-07-2025,29,844,136,276,67,75,65,2,14,7,3,13,0,0,1,0,0,0,3,11,0,39,0,1463,26,56.27,0.538,0.115,0.269,0.077,1,14,100,1751.21,Lower-Middle,Digitally Engaged,Web,40.2,67,0.592,512.24,Targeted Campaign,7.2
10895,1987,PhD,Together,80938,1,2,16-02-2018,3,1021,30,650,272,138,178,7,0,8,4,5,0,0,0,0,0,0,3,11,0,39,3,2289,19,120.47,0,0.211,0.421,0.368,0,102,33,4623.78,Upper-Middle,High Value,Catalog,32.8,89,0.326,479.73,Premium Upsell,4.9
10896,1957,Master,Single,8000,1,1,18-04-2023,23,738,101,74,49,21,0,1,8,10,13,8,0,0,0,0,0,0,3,11,0,69,2,983,32,30.72,0.25,0.406,0.312,0.031,0,40,64,1376.2,Low,Regular,Store,43.2,84,0.364,302.88,Regular Engagement,8.8
10897,2000,Graduation,Single,58651,2,0,21-03-2024,29,608,86,144,162,90,101,7,8,9,1,6,1,0,0,0,0,0,3,11,1,26,2,1191,25,47.64,0.32,0.04,0.36,0.28,1,29,57,1613.21,Middle,Regular,Catalog,42.8,72.5,0.485,447.5,Targeted Campaign,7
10898,1979,Master,Married,26362,1,0,24-11-2018,12,169,67,96,57,58,44,3,10,2,6,5,0,0,0,0,0,0,3,11,0,47,1,491,21,23.38,0.476,0.286,0.095,0.143,0,93,55,947.63,Low,Regular,Web,39.5,88.5,0.364,202.33,Regular Engagement,8.5
10899,1947,Graduation,Divorced,66904,0,0,24-12-2022,23,326,70,452,76,48,24,2,6,5,3,1,0,0,1,0,0,0,3,11,0,79,0,996,16,62.25,0.375,0.188,0.312,0.125,1,44,42,1505.95,Middle,Regular,Web,53.8,62,0.459,261.04,Targeted Campaign,7.8
10900,1978,Master,Married,69559,2,1,15-03-2023,17,686,79,482,184,149,56,3,3,1,13,11,0,0,0,0,1,0,3,11,0,48,3,1636,20,81.8,0.15,0.65,0.05,0.15,1,41,51,2422.1,Middle,Regular,Store,34.2,68.5,0.494,510.08,Targeted Campaign,8
10901,1964,Master,Married,62110,0,0,22-04-2021,59,489,93,557,153,119,34,7,11,3,2,7,1,0,1,0,0,0,3,11,1,62,0,1445,23,62.83,0.478,0.087,0.13,0.304,2,64,72,2606.78,Middle,Digitally Engaged,Web,63.8,94,0.612,422.69,Targeted Campaign,8
10902,1998,Master,Widow,71120,0,0,13-12-2023,69,713,93,347,280,54,117,0,4,10,10,8,0,0,0,0,0,0,3,11,0,28,0,1604,24,66.83,0.167,0.417,0.417,0,0,32,58,2117.28,Middle,Regular,Catalog,77.8,64,0.257,386.26,Retention Offer,7.3
10903,1960,Master,Single,13976,1,0,17-04-2019,26,296,14,177,149,38,52,7,9,9,13,18,0,0,0,0,0,0,3,11,1,66,1,726,38,19.11,0.237,0.342,0.237,0.184,0,88,96,1364.88,Low,Digitally Engaged,Store,22.5,100,0.438,279.88,Regular Engagement,9.4
10904,1950,Graduation,Divorced,34357,0,0,24-05-2021,91,180,32,404,113,2,0,6,5,9,14,5,0,0,0,0,1,0,3,11,0,76,0,731,34,21.5,0.147,0.412,0.265,0.176,1,63,38,1251.11,Lower-Middle,At Risk,Store,98.8,100,0.313,292.72,Retention Offer,7.8
10905,1994,Graduation,Together,60074,0,0,30-11-2019,5,603,46,425,173,73,95,0,0,11,0,7,0,0,0,0,0,0,3,11,0,32,0,1415,11,128.64,0,0,1,0,0,81,23,2561.15,Middle,Regular,Catalog,31.2,62.5,0.298,386.23,Regular Engagement,7.2
10906,1956,Basic,Together,77898,1,0,14-10-2023,68,913,67,459,215,82,76,5,7,11,15,18,0,0,0,0,0,0,3,11,0,70,1,1812,38,47.68,0.184,0.395,0.289,0.132,0,34,84,2428.08,Middle,High Value,Store,62,93,0.324,478.08,Premium Upsell,7.4
10907,1963,Graduation,Married,74113,1,0,28-09-2025,3,596,45,382,163,118,110,0,10,2,9,6,0,0,0,0,0,0,3,11,1,63,1,1414,21,67.33,0.476,0.429,0.095,0,0,11,76,1569.54,Middle,Digitally Engaged,Web,23.2,47.5,0.434,527.09,Regular Engagement,7.8
10908,1982,Graduation,Divorced,15192,0,1,23-05-2018,82,265,15,327,93,0,35,2,7,8,1,17,0,0,0,0,0,0,3,11,0,44,1,735,18,40.83,0.389,0.056,0.444,0.111,0,99,80,1462.65,Low,At Risk,Catalog,74,85.5,0.286,231.78,Retention Offer,7.8
10909,1963,Graduation,Widow,105113,0,1,12-06-2021,34,568,136,208,119,70,212,5,8,6,11,9,0,0,0,0,0,0,3,11,0,63,1,1313,30,43.77,0.267,0.367,0.2,0.167,0,62,59,2127.06,Upper-Middle,Regular,Store,50,91,0.33,416.26,Regular Engagement,8.4
10910,1963,Graduation,Married,62825,1,1,21-03-2021,16,635,96,449,101,35,138,5,8,2,15,7,0,0,0,0,0,0,3,11,1,63,2,1454,30,48.47,0.267,0.5,0.067,0.167,0,65,68,2399.1,Middle,Digitally Engaged,Store,31.5,92.5,0.388,560.82,Regular Engagement,6.8
10911,1972,Graduation,Married,114473,1,0,07-06-2022,54,922,97,821,156,70,162,7,10,4,13,10,0,0,1,0,1,0,3,11,1,54,1,2228,34,65.53,0.294,0.382,0.118,0.206,2,50,77,3676.2,Upper-Middle,Champions,Store,55.5,100,0.634,797.15,Targeted Campaign,9.2
10912,1952,Master,Together,86401,0,2,15-04-2018,68,698,66,452,188,75,83,2,13,0,7,1,0,0,0,0,0,0,3,11,0,74,2,1562,22,71,0.591,0.318,0,0.091,0,100,68,3124,Upper-Middle,Digitally Engaged,Web,87.5,94,0.284,353.97,Retention Offer,7.2
10913,1975,Basic,Married,100651,0,0,29-01-2019,73,864,55,638,114,127,261,0,6,10,6,16,0,0,1,0,0,0,3,11,0,51,0,2059,22,93.59,0.273,0.273,0.455,0,1,91,77,4129.32,Upper-Middle,High Value,Catalog,68.8,97.5,0.446,674.35,Retention Offer,5.2
10914,1995,Graduation,Single,81882,1,0,22-07-2022,97,913,82,408,105,125,166,4,1,6,11,11,0,0,0,0,0,0,3,11,0,31,1,1799,22,81.77,0.045,0.5,0.273,0.182,0,49,50,2680.51,Upper-Middle,High Value,Store,94.2,68.5,0.181,676.92,Retention Offer,5.2
10915,2000,Master,Divorced,52171,2,1,02-02-2018,92,653,9,481,159,39,93,7,7,8,13,6,0,0,0,0,0,0,3,11,0,26,3,1434,35,40.97,0.2,0.371,0.229,0.2,0,102,57,2896.68,Middle,At Risk,Store,98,100,0.209,477.12,Retention Offer,5.6
10916,1985,Graduation,Together,58133,1,2,06-09-2019,95,91,88,363,203,81,104,2,12,0,12,7,0,0,0,0,0,0,3,11,0,41,3,930,26,35.77,0.462,0.462,0,0.077,0,83,79,1701.9,Middle,At Risk,Web,98.8,93.5,0.258,332.16,Retention Offer,8.6
10917,1978,Graduation,Married,91977,1,2,02-06-2026,34,962,94,592,122,104,142,2,10,6,14,2,0,0,0,0,0,0,3,11,0,48,3,2016,32,63,0.312,0.438,0.188,0.062,0,2,51,2056.32,Upper-Middle,High Value,Store,60.5,65,0.31,620.76,Premium Upsell,6.2
10918,1957,Graduation,Married,55205,0,0,21-01-2019,1,595,42,360,106,25,153,7,12,5,12,19,0,0,1,0,0,0,3,11,1,69,0,1281,36,35.58,0.333,0.333,0.139,0.194,1,91,100,2569.05,Middle,Digitally Engaged,Web,2.2,100,0.648,331.8,Targeted Campaign,6.5
10919,1993,Master,Married,9016,0,0,14-02-2018,57,94,0,303,85,79,97,0,11,11,8,15,0,0,0,0,0,0,3,11,0,33,0,658,30,21.93,0.367,0.267,0.367,0,0,102,100,1329.16,Low,Digitally Engaged,Web,58.2,100,0.386,264.62,Regular Engagement,7.2
10920,1950,Basic,Married,65769,0,2,19-10-2024,15,715,50,551,130,26,138,0,13,7,8,15,0,0,0,0,0,0,3,11,1,76,2,1610,28,57.5,0.464,0.286,0.25,0,0,22,100,1964.2,Middle,Digitally Engaged,Web,18.8,67,0.47,410.66,Targeted Campaign,6.5
10921,1984,Basic,Married,72999,0,0,06-12-2023,33,500,110,404,184,139,204,0,10,9,9,7,0,0,0,0,0,0,3,11,0,42,0,1541,28,55.04,0.357,0.321,0.321,0,0,32,78,2034.12,Middle,Digitally Engaged,Web,52.2,72,0.379,303.05,Regular Engagement,6.5
10922,1992,Graduation,Single,79236,1,1,01-12-2024,35,479,106,311,190,37,116,5,1,2,15,11,0,0,0,0,1,0,3,11,0,34,2,1239,23,53.87,0.043,0.652,0.087,0.217,1,20,51,1561.14,Middle,Regular,Store,47.8,64,0.458,448.19,Targeted Campaign,7
10923,1971,Master,Married,86659,0,1,20-11-2022,86,774,93,352,79,124,64,5,2,7,13,10,0,1,0,0,0,0,3,11,1,55,1,1486,27,55.04,0.074,0.481,0.259,0.185,1,45,45,2262.44,Upper-Middle,At Risk,Store,79.5,84.5,0.34,407.37,Retention Offer,7.7
10924,1976,PhD,Together,125622,1,1,23-11-2024,7,1070,126,384,125,90,156,2,0,7,4,17,0,0,0,0,0,0,3,11,0,50,2,1951,13,150.08,0,0.308,0.538,0.154,0,21,55,2360.71,High,High Value,Catalog,17.8,36.5,0.374,477.31,Premium Upsell,7.3
10925,1990,Graduation,Single,20892,1,1,21-04-2021,29,652,53,128,100,37,45,4,12,3,13,6,1,0,0,0,1,0,3,11,0,36,2,1015,32,31.72,0.375,0.406,0.094,0.125,2,64,72,1831.06,Low,Digitally Engaged,Store,50.8,100,0.672,410.37,Targeted Campaign,7.9
10926,1997,PhD,Together,118642,0,1,03-03-2023,97,838,132,633,290,115,120,3,0,3,8,2,0,0,0,0,0,0,3,11,0,29,1,2128,14,152,0,0.571,0.214,0.214,0,41,8,3000.48,Upper-Middle,High Value,Store,100,48.5,0.076,432.27,Retention Offer,4.2
10927,1946,Master,Together,87160,0,2,01-07-2024,61,771,49,405,171,79,23,0,6,0,1,12,0,0,0,0,0,0,3,11,0,80,2,1498,7,214,0.857,0.143,0,0,0,26,75,1887.48,Upper-Middle,Digitally Engaged,Web,65.8,27,0.316,324.14,Retention Offer,7
10928,1973,PhD,Together,65348,1,0,27-08-2020,6,544,79,629,45,108,155,0,3,11,0,20,0,0,0,0,0,0,3,11,0,53,1,1560,14,111.43,0.214,0,0.786,0,0,72,72,2683.2,Middle,Digitally Engaged,Catalog,12.5,64,0.418,513.18,Regular Engagement,9.4
10929,1967,Master,Single,25132,1,1,29-12-2022,85,238,40,163,24,67,118,1,4,9,7,13,0,0,0,0,0,0,3,11,0,59,2,650,21,30.95,0.19,0.333,0.429,0.048,0,44,61,936,Low,At Risk,Catalog,82.2,64,0.232,244.47,Retention Offer,5.8
10930,1957,PhD,Together,67769,0,0,26-03-2018,47,152,89,419,132,138,43,6,10,11,5,16,1,0,0,0,0,0,3,11,0,69,0,973,32,30.41,0.312,0.156,0.344,0.188,1,101,88,2053.52,Middle,Digitally Engaged,Catalog,49.2,100,0.526,370.37,Targeted Campaign,9.5
10931,1993,Basic,Single,83545,0,1,31-03-2021,21,873,71,604,167,64,147,0,7,9,15,8,0,1,0,0,0,0,3,11,0,33,1,1926,31,62.13,0.226,0.484,0.29,0,1,65,64,3336.79,Upper-Middle,High Value,Store,41.8,100,0.518,606.87,Targeted Campaign,8.1
10932,1952,PhD,Single,64299,1,1,31-12-2019,97,663,66,382,134,1,77,7,4,10,13,7,0,0,0,0,0,0,3,11,0,74,2,1323,34,38.91,0.118,0.382,0.294,0.206,0,80,37,2381.4,Middle,At Risk,Store,100,100,0.149,506.69,Retention Offer,5
10933,1963,Master,Single,51573,0,1,27-06-2026,26,646,72,481,172,112,65,6,9,7,13,14,0,1,0,0,0,0,3,11,0,63,1,1548,35,44.23,0.257,0.371,0.2,0.171,1,2,89,1657.91,Middle,Digitally Engaged,Store,36.5,79,0.57,598.13,Targeted Campaign,7.1
10934,1968,Graduation,Married,47503,0,0,22-01-2026,95,515,84,596,109,64,200,7,3,9,13,13,0,0,0,1,0,0,3,11,0,58,0,1568,32,49,0.094,0.406,0.281,0.219,1,7,67,1761.65,Lower-Middle,At Risk,Store,89.8,75.5,0.378,647.29,Retention Offer,4.7
10935,1957,Graduation,Together,41643,1,0,27-10-2025,10,611,36,399,28,59,190,4,9,6,11,3,0,0,0,0,0,0,3,11,0,69,1,1323,30,44.1,0.3,0.367,0.2,0.133,0,10,46,1455.3,Lower-Middle,Regular,Store,41,65,0.345,413.09,Regular Engagement,8.4
10936,1983,Graduation,Married,84650,0,0,07-10-2021,54,584,103,323,183,141,119,3,13,10,5,1,0,0,0,0,0,0,3,11,0,43,0,1453,31,46.87,0.419,0.161,0.323,0.097,0,58,57,2295.74,Upper-Middle,Regular,Web,77,91,0.284,565.45,Retention Offer,6.3
10937,1980,Graduation,Divorced,82549,1,2,30-10-2022,94,928,81,590,27,104,99,1,4,11,4,11,0,0,0,0,0,0,3,11,0,46,3,1829,20,91.45,0.2,0.2,0.55,0.05,0,46,50,2670.34,Upper-Middle,High Value,Catalog,92,63,0.187,677.69,Retention Offer,5.1
10938,1945,Basic,Married,94103,0,1,17-10-2023,32,964,68,461,88,67,139,6,2,1,2,1,0,0,0,0,0,0,3,11,0,81,1,1787,11,162.45,0.182,0.182,0.091,0.545,0,34,27,2394.58,Upper-Middle,High Value,Web,60.5,39,0.254,557.09,Premium Upsell,7.6
10939,1953,Graduation,Single,42103,2,0,20-03-2020,68,776,66,120,2,92,131,0,1,5,13,9,0,0,0,0,0,0,3,11,0,73,2,1187,19,62.47,0.053,0.684,0.263,0,0,77,45,2100.99,Lower-Middle,Regular,Store,75.5,76.5,0.226,298.28,Retention Offer,8
10940,1967,Graduation,Married,105412,1,0,13-02-2023,55,635,83,774,85,156,74,2,8,9,11,6,0,0,0,0,0,0,3,11,0,59,1,1807,30,60.23,0.267,0.367,0.3,0.067,0,42,57,2565.94,Upper-Middle,High Value,Store,70.2,81,0.282,750.42,Retention Offer,8.5
10941,1994,Basic,Single,139772,1,0,23-08-2025,39,1083,94,744,361,92,187,6,7,7,8,7,0,0,0,0,0,0,3,11,0,32,1,2561,28,91.46,0.25,0.286,0.25,0.214,0,12,59,2868.32,High,High Value,Store,56.8,62,0.32,1035.04,Premium Upsell,5.7
10942,1967,Graduation,Together,68303,2,1,13-01-2025,22,547,126,290,134,82,157,2,2,9,13,15,0,0,0,0,0,0,3,11,0,59,3,1336,26,51.38,0.077,0.5,0.346,0.077,0,19,58,1589.84,Middle,Regular,Store,32,61.5,0.351,323.32,Regular Engagement,8.3
10943,1968,Graduation,Together,99674,2,1,28-10-2021,69,701,110,656,68,67,143,5,4,9,13,12,0,0,0,0,0,0,3,11,0,58,3,1745,31,56.29,0.129,0.419,0.29,0.161,0,58,56,2757.1,Upper-Middle,Regular,Store,71.8,91,0.252,524.99,Retention Offer,7.7
10944,1982,PhD,Married,25646,1,0,20-04-2023,8,451,19,255,134,107,77,4,7,10,8,13,0,0,0,0,0,0,3,11,0,44,1,1043,29,35.97,0.241,0.276,0.345,0.138,0,40,70,1460.2,Low,Digitally Engaged,Catalog,24.5,78,0.409,400.38,Regular Engagement,9.9
10945,1989,Master,Single,136659,1,0,02-01-2024,97,915,148,562,199,205,81,5,4,1,14,17,0,0,0,0,0,0,3,11,0,37,1,2110,24,87.92,0.167,0.583,0.042,0.208,0,31,75,2764.1,High,High Value,Store,85.2,63.5,0.244,440.65,Retention Offer,7.6
10946,1955,Master,Married,84128,1,0,22-11-2023,69,410,97,572,150,129,172,5,13,0,7,13,0,0,0,0,0,0,3,11,0,71,1,1530,25,61.2,0.52,0.28,0,0.2,0,33,100,2034.9,Upper-Middle,Digitally Engaged,Web,70.2,66.5,0.362,403.29,Retention Offer,7.5
10947,1982,PhD,Together,102257,1,1,18-03-2024,86,898,113,517,234,129,93,3,1,1,0,4,1,0,0,0,0,0,3,11,1,44,2,1984,5,396.8,0.2,0,0.2,0.6,1,29,30,2687.33,Upper-Middle,Champions,Web,88.5,32.5,0.303,719.05,Retention Offer,7.1
10948,1994,Graduation,Single,74084,1,0,03-03-2022,14,769,86,431,84,99,5,6,8,8,5,17,0,0,0,0,0,0,3,11,0,32,1,1474,27,54.59,0.296,0.185,0.296,0.222,0,53,99,2255.22,Middle,Digitally Engaged,Web,23,80.5,0.47,566.21,Targeted Campaign,7.9
10949,1994,PhD,Married,17804,0,0,02-06-2020,3,405,7,532,59,0,0,1,9,4,11,2,0,0,0,0,0,0,3,11,0,32,0,1003,25,40.12,0.36,0.44,0.16,0.04,0,74,61,1745.22,Low,Regular,Store,37.2,87,0.396,331.25,Regular Engagement,7.9
10950,1963,Master,Single,80082,1,0,01-04-2018,21,697,42,514,86,108,93,6,11,1,1,13,0,0,0,1,0,0,3,11,1,63,1,1540,19,81.05,0.579,0.053,0.053,0.316,1,101,98,3250.17,Upper-Middle,Digitally Engaged,Web,26.2,96.5,0.603,381.96,Targeted Campaign,7.5
10951,1988,Graduation,Together,65066,0,1,01-01-2022,1,428,74,424,113,127,114,2,4,11,10,2,0,0,0,1,0,0,3,11,0,38,1,1280,27,47.41,0.148,0.37,0.407,0.074,1,55,37,2083.2,Middle,Regular,Catalog,35.8,89.5,0.49,421.27,Targeted Campaign,7.7
10952,1991,Master,Married,92942,0,2,17-02-2023,94,821,51,550,179,130,111,4,4,7,2,14,0,0,0,0,0,0,3,11,0,35,2,1842,17,108.35,0.235,0.118,0.412,0.235,0,42,63,2615.64,Upper-Middle,High Value,Catalog,87.5,55,0.22,577.19,Retention Offer,5.5
10953,1953,Graduation,Married,40149,0,0,18-12-2020,88,814,44,303,83,79,166,3,8,4,15,8,0,0,0,0,0,0,3,11,0,73,0,1489,30,49.63,0.267,0.5,0.133,0.1,0,68,56,2501.52,Lower-Middle,At Risk,Store,92,94,0.214,321.66,Retention Offer,6.1
10954,1991,Graduation,Married,8000,0,1,09-04-2023,3,134,0,228,42,30,8,7,10,6,13,11,1,0,1,0,0,1,3,11,1,35,1,442,36,12.28,0.278,0.361,0.167,0.194,2,40,73,680.68,Low,Digitally Engaged,Store,30.8,100,0.626,174.62,Targeted Campaign,4.9
10955,1996,Basic,Married,63063,0,0,11-02-2018,62,517,58,384,109,29,2,4,13,11,12,15,0,0,0,0,0,0,3,11,0,30,0,1099,40,27.48,0.325,0.3,0.275,0.1,0,102,100,2219.98,Middle,Digitally Engaged,Web,62,100,0.376,366.71,Regular Engagement,7.2
10956,1994,PhD,Divorced,55152,0,1,21-06-2025,75,442,69,507,72,81,15,1,8,4,8,3,0,0,0,0,0,0,3,11,0,32,1,1186,21,56.48,0.381,0.381,0.19,0.048,0,14,42,1352.04,Middle,At Risk,Web,89.8,49,0.205,362.96,Retention Offer,7.2
10957,1993,Graduation,Single,87125,1,1,21-02-2025,62,597,82,714,121,212,206,2,0,3,5,13,0,0,1,0,0,0,3,11,0,33,2,1932,10,193.2,0,0.5,0.3,0.2,1,18,50,2393.75,Upper-Middle,High Value,Store,65,37,0.401,730.68,Premium Upsell,5.5
10958,1959,Master,Single,39415,1,0,27-09-2023,23,614,71,272,80,16,70,1,9,0,14,10,0,0,0,0,0,0,3,11,0,67,1,1123,24,46.79,0.375,0.583,0,0.042,0,35,78,1516.05,Lower-Middle,Digitally Engaged,Store,40.2,65.5,0.399,451.11,Regular Engagement,8.1
10959,1972,Graduation,Married,53781,1,0,28-10-2020,90,841,69,101,79,36,83,2,9,1,9,20,0,0,0,1,0,0,3,11,0,54,1,1209,21,57.57,0.429,0.429,0.048,0.095,1,70,100,2158.06,Middle,At Risk,Web,75.5,85,0.47,289.46,Retention Offer,6
10960,1992,Basic,Single,54075,0,0,01-08-2022,59,838,82,198,88,24,119,0,5,6,8,4,0,0,0,0,0,0,3,11,0,34,0,1349,19,71,0.263,0.421,0.316,0,0,49,41,2010.01,Middle,Regular,Store,76.2,62.5,0.234,336.39,Retention Offer,6.6
10961,1949,Graduation,Together,43120,1,1,06-11-2021,82,265,69,331,68,52,42,6,12,7,3,7,0,0,0,0,0,0,3,11,0,77,2,827,28,29.54,0.429,0.107,0.25,0.214,0,57,85,1298.39,Lower-Middle,At Risk,Web,89,84.5,0.298,235.45,Retention Offer,6
10962,1957,Graduation,Single,82026,0,0,21-11-2022,24,686,104,550,188,153,131,5,4,4,4,2,0,0,0,0,0,0,3,11,1,69,0,1812,17,106.59,0.235,0.235,0.235,0.294,0,45,39,2627.4,Upper-Middle,Champions,Web,45,56.5,0.3,612.58,Premium Upsell,7.9
10963,1956,Master,Married,56782,0,1,28-01-2026,93,500,56,190,144,81,24,1,11,10,4,12,0,0,0,0,1,0,3,11,1,70,1,995,26,38.27,0.423,0.154,0.385,0.038,1,7,93,1117.88,Middle,At Risk,Web,81.8,63.5,0.446,309,Retention Offer,6.3
10964,1967,Graduation,Together,50405,0,1,16-05-2022,48,750,87,491,64,126,0,3,9,10,3,6,0,0,0,0,1,0,3,11,0,59,1,1518,25,60.72,0.36,0.12,0.4,0.12,1,51,64,2406.79,Middle,Regular,Catalog,65,83.5,0.464,332.73,Targeted Campaign,7.1
10965,1951,Master,Single,44650,1,0,09-04-2024,39,784,61,184,143,58,54,2,6,0,3,12,1,1,0,0,0,0,3,11,0,75,1,1284,11,116.73,0.545,0.273,0,0.182,2,28,63,1807.87,Lower-Middle,Regular,Web,49.2,52,0.63,356.03,Targeted Campaign,6.2
10966,1954,Graduation,Single,56045,0,0,15-07-2024,54,486,75,0,161,64,197,1,6,3,15,3,0,0,0,0,0,0,3,11,1,72,0,983,25,39.32,0.24,0.6,0.12,0.04,0,25,42,1228.75,Middle,Regular,Store,66,62.5,0.247,285.34,Retention Offer,8.6
10967,2000,Basic,Married,111285,0,1,23-07-2018,58,508,106,559,181,193,134,0,8,0,8,19,0,0,0,0,1,0,3,11,0,26,1,1681,16,105.06,0.5,0.5,0,0,1,97,100,3477.15,Upper-Middle,Digitally Engaged,Web,53,88.5,0.534,533.73,Targeted Campaign,5.9
10968,1972,Graduation,Married,58060,1,0,17-12-2023,86,683,60,436,147,129,147,6,9,11,14,19,0,0,1,0,0,0,3,11,0,54,1,1602,40,40.05,0.225,0.35,0.275,0.15,1,32,100,2220.37,Middle,At Risk,Store,74,100,0.478,610.4,Retention Offer,7.2
10969,1990,PhD,Single,45462,0,1,14-04-2018,34,510,76,144,32,21,0,3,0,7,10,5,0,0,1,0,0,0,3,11,0,36,1,783,20,39.15,0,0.5,0.35,0.15,1,100,30,1644.3,Lower-Middle,Regular,Store,56,98,0.407,313.57,Regular Engagement,6.5
10970,1949,Graduation,Married,68384,0,0,07-01-2023,10,786,30,191,41,122,90,3,3,5,3,18,0,1,0,0,0,0,3,11,1,77,0,1260,14,90,0.214,0.214,0.357,0.214,1,43,66,1891.89,Middle,Digitally Engaged,Catalog,10.5,57.5,0.545,505.52,Targeted Campaign,8.6
10971,1947,Graduation,Single,89191,1,1,24-03-2022,40,819,58,449,144,77,203,4,8,10,3,17,0,0,0,0,0,0,3,11,0,79,2,1750,25,70,0.32,0.12,0.4,0.16,0,53,95,2677.5,Upper-Middle,Digitally Engaged,Catalog,42.5,76.5,0.408,568.34,Regular Engagement,5.6
10972,1998,Graduation,Together,65499,1,0,21-05-2021,71,643,25,279,168,37,134,1,4,8,2,13,0,0,0,0,0,0,3,11,0,28,1,1286,15,85.73,0.267,0.133,0.533,0.067,0,63,65,2096.18,Middle,At Risk,Catalog,71.8,61.5,0.27,302.08,Retention Offer,6.1
10973,1998,Graduation,Married,77692,0,0,18-05-2019,47,547,102,596,212,109,12,4,0,0,14,17,0,0,0,0,0,0,3,11,0,28,0,1578,18,87.67,0,0.778,0,0.222,0,87,65,2950.86,Middle,Regular,Store,47.8,79.5,0.318,341.55,Regular Engagement,7.8
10974,1945,Graduation,Divorced,84242,1,0,20-06-2024,62,505,75,574,168,48,42,4,4,3,11,13,0,0,0,1,0,0,3,11,1,81,1,1412,22,64.18,0.182,0.5,0.136,0.182,1,26,68,1868.08,Upper-Middle,Digitally Engaged,Store,57,65,0.446,345.84,Regular Engagement,7.7
10975,1958,Graduation,Divorced,87933,1,2,31-05-2018,51,856,103,573,111,118,79,7,3,11,5,1,0,0,0,0,0,0,3,11,0,68,3,1840,26,70.77,0.115,0.192,0.423,0.269,0,99,28,3661.6,Upper-Middle,High Value,Catalog,74.8,100,0.218,754.39,Retention Offer,7
10976,1972,Graduation,Together,72036,2,1,08-07-2022,68,480,133,220,57,130,31,2,1,3,12,8,0,0,0,1,0,0,3,11,1,54,3,1051,18,58.39,0.056,0.667,0.167,0.111,1,49,35,1644.29,Middle,Regular,Store,69,68.5,0.352,397.24,Retention Offer,7.5
10977,1980,PhD,Married,23765,1,2,20-07-2025,76,421,68,44,101,23,85,7,0,0,6,19,0,0,0,0,0,0,3,11,0,46,3,742,13,57.08,0,0.462,0,0.538,0,13,74,838.46,Low,At Risk,Store,66.5,32.5,0.283,206.82,Retention Offer,4.9
10978,1991,Master,Married,61742,0,0,14-02-2020,93,513,8,230,109,115,85,1,11,3,12,15,0,0,0,0,0,0,3,11,0,35,0,1060,27,39.26,0.407,0.444,0.111,0.037,0,78,92,1886.8,Middle,At Risk,Store,85.2,93,0.294,337.6,Retention Offer,7.3
10979,1945,Master,Together,45769,0,0,05-01-2024,75,363,30,601,124,24,133,5,2,4,13,14,0,0,0,0,0,0,3,11,0,81,0,1275,24,53.12,0.083,0.542,0.167,0.208,0,31,53,1670.25,Lower-Middle,At Risk,Store,73.2,63.5,0.232,302.19,Retention Offer,6
10980,1952,Basic,Married,87133,0,0,11-11-2020,73,374,120,573,155,113,129,5,1,1,7,3,0,0,0,0,0,0,3,11,0,74,0,1464,14,104.57,0.071,0.5,0.071,0.357,0,69,22,2474.16,Upper-Middle,At Risk,Store,88.2,62.5,0.159,536.35,Retention Offer,6.2
10981,1946,Graduation,Married,103717,0,1,30-01-2018,85,927,98,514,142,123,86,3,4,7,2,11,0,0,0,0,1,0,3,11,0,80,1,1890,16,118.12,0.25,0.125,0.438,0.188,1,103,57,4028.54,Upper-Middle,High Value,Catalog,85.2,91.5,0.373,601.2,Retention Offer,6.8
10982,1978,Basic,Single,54028,0,0,30-08-2018,52,859,98,351,1,82,72,7,2,10,5,9,0,0,0,0,0,0,3,11,0,48,0,1463,24,60.96,0.083,0.208,0.417,0.292,0,96,51,2867.48,Middle,Regular,Catalog,63.5,96,0.273,444.43,Regular Engagement,8.2
10983,1975,Master,Married,87417,0,0,23-05-2023,15,412,147,330,53,95,64,3,8,3,13,20,0,0,0,0,0,0,3,11,0,51,0,1101,27,40.78,0.296,0.481,0.111,0.111,0,39,100,1530.39,Upper-Middle,Digitally Engaged,Store,19.2,73.5,0.47,276.74,Targeted Campaign,10
10984,1974,Graduation,Married,76451,1,0,14-01-2019,5,899,59,426,119,120,152,3,9,7,1,7,0,0,0,0,0,0,3,11,0,52,1,1775,20,88.75,0.45,0.05,0.35,0.15,0,91,60,3390.25,Middle,High Value,Web,31.2,85.5,0.39,581.79,Premium Upsell,8.5
10985,1956,Graduation,Single,58373,1,2,10-02-2025,36,142,141,502,56,92,79,4,0,6,9,19,1,0,0,0,0,0,3,11,0,70,3,1012,19,53.26,0,0.474,0.316,0.211,1,18,59,1253.87,Middle,Regular,Store,36.5,55,0.476,248.34,Targeted Campaign,8.7
10986,1987,Graduation,Single,107058,1,0,23-07-2025,47,985,99,589,158,79,65,1,12,6,7,16,1,0,0,0,0,0,3,11,0,39,1,1975,26,75.96,0.462,0.269,0.231,0.038,1,13,100,2343.34,Upper-Middle,High Value,Web,49.2,66.5,0.556,605.64,Targeted Campaign,8.8
10987,1996,Graduation,Single,51472,0,2,21-08-2022,92,467,64,267,119,103,21,0,13,3,13,2,0,0,0,0,0,0,3,11,0,30,2,1041,29,35.9,0.448,0.448,0.103,0,0,48,60,1540.68,Middle,At Risk,Web,100,82,0.216,256.41,Retention Offer,7
10988,1984,PhD,Single,44714,0,0,09-08-2024,95,542,85,554,126,125,46,0,3,8,1,11,0,0,0,1,0,0,3,11,0,42,0,1478,12,123.17,0.25,0.083,0.667,0,1,24,62,1924.36,Lower-Middle,At Risk,Catalog,92.8,44,0.365,423.07,Retention Offer,8.5
10989,2000,Graduation,Single,39150,0,1,11-07-2019,56,406,165,168,0,20,25,1,10,1,14,7,1,0,0,0,0,0,3,11,1,26,1,784,26,30.15,0.385,0.538,0.038,0.038,1,85,65,1522.92,Lower-Middle,Regular,Store,61.5,100,0.45,273.35,Regular Engagement,7.9
10990,1991,Graduation,Single,96727,2,0,08-12-2019,80,1229,97,417,143,14,205,6,10,6,2,8,0,0,0,0,0,0,3,11,0,35,2,2105,24,87.71,0.417,0.083,0.25,0.25,0,80,82,3789,Upper-Middle,High Value,Web,86,88,0.295,719.04,Retention Offer,5.5
10991,1949,Master,Widow,42888,1,0,11-03-2026,80,471,111,152,99,93,34,0,6,0,13,15,0,0,0,0,0,0,3,11,0,77,1,960,19,50.53,0.316,0.684,0,0,0,5,73,1008,Lower-Middle,At Risk,Store,75.5,40.5,0.272,343.28,Retention Offer,6.1
10992,1989,Graduation,Single,42506,1,1,23-03-2018,42,147,91,620,190,108,46,7,10,4,4,5,0,0,0,0,0,0,3,11,0,37,2,1202,25,48.08,0.4,0.16,0.16,0.28,0,101,62,2416.02,Lower-Middle,Regular,Web,62,100,0.321,388.06,Regular Engagement,6.1
10993,1979,Master,Married,97212,2,0,05-09-2019,78,830,101,546,140,68,223,5,6,11,14,4,0,0,0,0,0,0,3,11,0,47,2,1908,36,53,0.167,0.389,0.306,0.139,0,83,44,3491.64,Upper-Middle,High Value,Store,90.5,100,0.204,633.47,Retention Offer,6.8
10994,1977,Master,Widow,75636,0,0,28-06-2018,61,942,97,271,10,168,154,2,8,9,7,12,0,0,0,0,0,0,3,11,0,49,0,1642,26,63.15,0.308,0.269,0.346,0.077,0,98,71,3251.16,Middle,Digitally Engaged,Catalog,65.8,100,0.306,562.96,Retention Offer,6.7
10995,1956,Basic,Married,60400,0,1,11-05-2025,22,402,46,391,30,52,134,5,2,1,3,7,0,0,1,0,0,0,3,11,0,70,1,1055,11,95.91,0.182,0.273,0.091,0.455,1,15,37,1273.91,Middle,Regular,Store,44,37.5,0.448,337.56,Regular Engagement,6.1
10996,1964,Graduation,Divorced,39559,0,2,26-08-2019,80,695,49,312,164,117,120,1,6,6,14,9,0,0,1,0,0,0,3,11,0,62,2,1457,27,53.96,0.222,0.519,0.222,0.037,1,84,56,2814.92,Lower-Middle,At Risk,Store,84.5,100,0.38,560.63,Retention Offer,5.3
10997,1964,Basic,Single,72058,2,0,07-03-2021,96,253,39,507,51,132,53,4,2,2,0,18,0,0,1,0,0,0,3,11,0,62,2,1035,8,129.38,0.25,0,0.25,0.5,1,65,62,1793.14,Middle,At Risk,Web,83,56.5,0.363,310.15,Retention Offer,4.8
10998,1951,Graduation,Widow,33268,1,1,05-01-2025,81,736,78,562,97,109,48,0,14,9,9,9,0,0,0,0,0,0,3,11,1,75,2,1630,32,50.94,0.438,0.281,0.281,0,0,19,98,1939.7,Lower-Middle,At Risk,Web,77.2,73.5,0.333,356.22,Retention Offer,6.7
10999,1963,Graduation,Married,70860,0,0,02-08-2021,39,435,47,651,102,87,0,5,10,2,9,3,0,0,1,0,0,0,3,11,1,63,0,1322,26,50.85,0.385,0.346,0.077,0.192,1,60,65,2220.96,Middle,Regular,Web,54.8,90,0.485,486.41,Targeted Campaign,8.8
11000,1954,Master,Together,69392,1,0,16-01-2019,19,788,76,175,75,153,128,3,9,8,2,8,0,0,0,0,0,0,3,11,0,72,1,1395,22,63.41,0.409,0.091,0.364,0.136,0,91,71,2664.45,Middle,Digitally Engaged,Web,40.2,89.5,0.389,507.44,Regular Engagement,6.8
